"Catalogo de sismos - Servicio Sismologico Nacional (SSN) | UNAM - Mexico. DOI: 10.21766/SSNMX/EC/MX"
"Informacion sujeta a cambios. Archivo generado el 2026-08-26 a las 16:58:33 (tiempo del centro de Mexico)."
"Sismicidad del 1985-01-01 al 1985-12-31, todas las magnitudes, todas las profundidades, en todo el pais."
"Total: 2171 eventos."
Fecha,Hora,Magnitud,Latitud,Longitud,Profundidad,"Referencia de localizacion","Fecha UTC","Hora UTC","Estatus"
1985-01-01,00:51:59,no calculable,15.9,-98.72,33.0,"86 km al SUROESTE de PINOTEPA NACIONAL, OAX",1985-01-01,06:51:59,revisado
1985-01-01,01:08:39,no calculable,17.98,-102.0,33.0,"22 km al ESTE de CD LAZARO CARDENAS, MICH",1985-01-01,07:08:39,revisado
1985-01-01,07:12:01,no calculable,15.7,-94.27,33.0,"70 km al SUROESTE de TONALA, CHIS",1985-01-01,13:12:01,revisado
1985-01-01,08:25:34,no calculable,15.35,-94.51,33.0,"115 km al SUROESTE de TONALA, CHIS",1985-01-01,14:25:34,revisado
1985-01-01,10:55:11,no calculable,16.13,-98.37,33.0,"41 km al SUROESTE de PINOTEPA NACIONAL, OAX",1985-01-01,16:55:11,revisado
1985-01-01,15:19:21,no calculable,16.3,-95.32,33.0,"9 km al SUROESTE de TEHUANTEPEC, OAX",1985-01-01,21:19:21,revisado
1985-01-01,19:09:33,no calculable,17.02,-101.07,15.0,"52 km al SUROESTE de TECPAN, GRO",1985-01-02,01:09:33,revisado
1985-01-01,20:48:18,no calculable,16.0,-94.1,33.0,"34 km al SUROESTE de ARRIAGA , CHIS",1985-01-02,02:48:18,revisado
1985-01-01,21:34:47,no calculable,16.02,-94.09,33.0,"31 km al SUROESTE de ARRIAGA , CHIS",1985-01-02,03:34:47,revisado
1985-01-01,22:41:22,no calculable,17.13,-94.57,88.0,"58 km al NORESTE de MATIAS ROMERO, OAX",1985-01-02,04:41:22,revisado
1985-01-02,00:37:41,no calculable,17.44,-101.44,33.0,"21 km al SUROESTE de PETATLAN, GRO",1985-01-02,06:37:41,revisado
1985-01-02,01:06:23,no calculable,16.35,-97.59,33.0,"41 km al NOROESTE de RIO GRANDE, OAX",1985-01-02,07:06:23,revisado
1985-01-02,04:07:05,no calculable,17.62,-95.64,36.0,"47 km al SUR de ISLA, VER",1985-01-02,10:07:05,revisado
1985-01-02,04:21:40,no calculable,15.83,-94.17,33.0,"53 km al SUROESTE de TONALA, CHIS",1985-01-02,10:21:40,revisado
1985-01-02,05:55:18,no calculable,17.27,-94.55,70.0,"68 km al NORESTE de MATIAS ROMERO, OAX",1985-01-02,11:55:18,revisado
1985-01-02,06:24:20,no calculable,14.88,-95.76,33.0,"106 km al SURESTE de CRUCECITA, OAX",1985-01-02,12:24:20,revisado
1985-01-02,19:19:10,no calculable,15.78,-94.21,33.0,"59 km al SUROESTE de TONALA, CHIS",1985-01-03,01:19:10,revisado
1985-01-03,01:13:55,no calculable,15.61,-94.95,33.0,"69 km al SURESTE de SALINA CRUZ, OAX",1985-01-03,07:13:55,revisado
1985-01-03,04:50:26,no calculable,14.79,-93.05,33.0,"74 km al SUROESTE de HUIXTLA, CHIS",1985-01-03,10:50:26,revisado
1985-01-03,06:13:55,no calculable,15.29,-97.12,33.0,"64 km al SUR de PUERTO ESCONDIDO, OAX",1985-01-03,12:13:55,revisado
1985-01-03,11:03:34,no calculable,17.04,-100.36,15.0,"20 km al SURESTE de ATOYAC DE ALVAREZ, GRO",1985-01-03,17:03:34,revisado
1985-01-03,20:12:31,no calculable,14.23,-93.84,33.0,"168 km al SUROESTE de MAPASTEPEC, CHIS",1985-01-04,02:12:31,revisado
1985-01-03,22:26:05,no calculable,14.59,-93.28,33.0,"103 km al SUROESTE de MAPASTEPEC, CHIS",1985-01-04,04:26:05,revisado
1985-01-04,00:00:52,no calculable,13.51,-93.44,33.0,"190 km al SUROESTE de CD HIDALGO, CHIS",1985-01-04,06:00:52,revisado
1985-01-04,01:01:46,no calculable,16.63,-99.42,15.0,"18 km al SUR de SAN MARCOS, GRO",1985-01-04,07:01:46,revisado
1985-01-04,05:45:59,no calculable,15.91,-94.71,33.0,"60 km al SURESTE de SALINA CRUZ, OAX",1985-01-04,11:45:59,revisado
1985-01-04,06:03:10,no calculable,16.88,-94.77,128.0,"29 km al ESTE de MATIAS ROMERO, OAX",1985-01-04,12:03:10,revisado
1985-01-04,06:26:44,no calculable,16.31,-94.46,33.0,"43 km al SURESTE de UNION HIDALGO, OAX",1985-01-04,12:26:44,revisado
1985-01-04,12:46:22,no calculable,15.4,-91.25,33.0,"100 km al SURESTE de FRONTERA COMALAPA, CHIS",1985-01-04,18:46:22,revisado
1985-01-04,13:54:59,no calculable,16.3,-98.02,33.0,"6 km al SURESTE de PINOTEPA NACIONAL, OAX",1985-01-04,19:54:59,revisado
1985-01-04,16:20:03,no calculable,15.72,-94.61,33.0,"81 km al SURESTE de SALINA CRUZ, OAX",1985-01-04,22:20:03,revisado
1985-01-04,21:04:23,no calculable,15.65,-97.12,33.0,"24 km al SUR de PUERTO ESCONDIDO, OAX",1985-01-05,03:04:23,revisado
1985-01-05,05:34:17,no calculable,15.77,-92.3,33.0,"21 km al NOROESTE de FRONTERA COMALAPA, CHIS",1985-01-05,11:34:17,revisado
1985-01-05,07:30:45,4.7,14.36,-93.17,33.0,"115 km al SUROESTE de HUIXTLA, CHIS",1985-01-05,13:30:45,revisado
1985-01-05,07:46:33,no calculable,14.99,-93.33,33.0,"69 km al SUROESTE de MAPASTEPEC, CHIS",1985-01-05,13:46:33,revisado
1985-01-05,10:50:23,no calculable,16.27,-98.72,33.0,"57 km al SUROESTE de OMETEPEC, GRO",1985-01-05,16:50:23,revisado
1985-01-05,13:51:28,4.6,16.36,-99.01,33.0,"63 km al SURESTE de SAN MARCOS, GRO",1985-01-05,19:51:28,revisado
1985-01-05,14:02:24,no calculable,16.85,-100.42,33.0,"39 km al SUROESTE de COYUCA DE BENITEZ, GRO",1985-01-05,20:02:24,revisado
1985-01-05,18:09:31,4.4,13.69,-92.83,33.0,"132 km al SUROESTE de CD HIDALGO, CHIS",1985-01-06,00:09:31,revisado
1985-01-05,18:18:40,4.4,13.58,-92.76,100.0,"138 km al SUROESTE de CD HIDALGO, CHIS",1985-01-06,00:18:40,revisado
1985-01-05,18:30:07,no calculable,15.71,-94.09,33.0,"55 km al SUROESTE de TONALA, CHIS",1985-01-06,00:30:07,revisado
1985-01-05,18:47:01,no calculable,14.1,-93.35,33.0,"144 km al SUROESTE de CD HIDALGO, CHIS",1985-01-06,00:47:01,revisado
1985-01-05,22:09:19,no calculable,13.75,-93.22,33.0,"154 km al SUROESTE de CD HIDALGO, CHIS",1985-01-06,04:09:19,revisado
1985-01-05,23:48:01,no calculable,16.46,-99.02,5.0,"54 km al SURESTE de SAN MARCOS, GRO",1985-01-06,05:48:01,revisado
1985-01-06,08:45:57,no calculable,15.54,-99.66,33.0,"142 km al SUR de SAN MARCOS, GRO",1985-01-06,14:45:57,revisado
1985-01-06,12:24:13,no calculable,16.05,-97.98,33.0,"33 km al SUR de PINOTEPA NACIONAL, OAX",1985-01-06,18:24:13,revisado
1985-01-06,20:30:40,no calculable,17.01,-99.68,15.0,"28 km al NORESTE de ACAPULCO, GRO",1985-01-07,02:30:40,revisado
1985-01-06,21:05:32,no calculable,16.05,-94.15,70.0,"34 km al SUROESTE de ARRIAGA , CHIS",1985-01-07,03:05:32,revisado
1985-01-06,23:08:21,no calculable,17.75,-94.04,33.0,"19 km al SURESTE de LAS CHOAPAS, VER",1985-01-07,05:08:21,revisado
1985-01-07,09:08:16,4.7,16.79,-99.62,33.0,"24 km al OESTE de SAN MARCOS, GRO",1985-01-07,15:08:16,revisado
1985-01-07,10:21:35,no calculable,17.37,-94.91,33.0,"57 km al NORTE de MATIAS ROMERO, OAX",1985-01-07,16:21:35,revisado
1985-01-07,13:27:09,no calculable,17.14,-99.78,33.0,"32 km al NORESTE de ACAPULCO, GRO",1985-01-07,19:27:09,revisado
1985-01-07,20:48:20,no calculable,13.86,-93.32,33.0,"155 km al SUROESTE de CD HIDALGO, CHIS",1985-01-08,02:48:20,revisado
1985-01-07,20:58:06,no calculable,16.04,-96.42,15.0,"33 km al NORTE de S PEDRO POCHUTLA, OAX",1985-01-08,02:58:06,revisado
1985-01-07,22:05:22,no calculable,16.78,-94.08,118.0,"39 km al OESTE de CINTALAPA, CHIS",1985-01-08,04:05:22,revisado
1985-01-07,23:42:10,no calculable,16.69,-97.57,33.0,"64 km al NORESTE de PINOTEPA NACIONAL, OAX",1985-01-08,05:42:10,revisado
1985-01-08,02:20:16,no calculable,15.86,-98.93,15.0,"107 km al SUROESTE de OMETEPEC, GRO",1985-01-08,08:20:16,revisado
1985-01-08,03:56:52,no calculable,16.92,-99.27,33.0,"19 km al NORESTE de SAN MARCOS, GRO",1985-01-08,09:56:52,revisado
1985-01-08,04:25:22,no calculable,17.69,-94.91,33.0,"22 km al SUR de SAYULA DE ALEMAN, VER",1985-01-08,10:25:22,revisado
1985-01-08,07:19:38,no calculable,17.08,-94.48,96.0,"64 km al NORESTE de MATIAS ROMERO, OAX",1985-01-08,13:19:38,revisado
1985-01-08,08:42:04,no calculable,17.75,-103.8,33.0,"128 km al SUR de TECOMAN, COL",1985-01-08,14:42:04,revisado
1985-01-08,09:02:59,no calculable,15.84,-93.57,33.0,"34 km al SURESTE de TONALA, CHIS",1985-01-08,15:02:59,revisado
1985-01-08,10:08:18,no calculable,17.99,-102.38,15.0,"7 km al SUROESTE de LA MIRA, MICH",1985-01-08,16:08:18,revisado
1985-01-08,21:49:34,no calculable,16.97,-100.86,33.0,"37 km al SUROESTE de TECPAN, GRO",1985-01-09,03:49:34,revisado
1985-01-08,22:31:39,no calculable,15.35,-93.07,33.0,"22 km al SUROESTE de MAPASTEPEC, CHIS",1985-01-09,04:31:39,revisado
1985-01-09,03:00:51,no calculable,15.92,-94.11,15.0,"41 km al SUROESTE de ARRIAGA , CHIS",1985-01-09,09:00:51,revisado
1985-01-09,04:03:53,4.6,13.49,-90.21,33.0,"247 km al SURESTE de CD HIDALGO, CHIS",1985-01-09,10:03:53,revisado
1985-01-09,05:05:44,no calculable,16.53,-94.28,70.0,"52 km al NOROESTE de ARRIAGA , CHIS",1985-01-09,11:05:44,revisado
1985-01-09,07:05:27,no calculable,17.05,-94.34,33.0,"77 km al NOROESTE de CINTALAPA, CHIS",1985-01-09,13:05:27,revisado
1985-01-09,08:38:55,no calculable,17.44,-94.85,33.0,"50 km al SUR de SAYULA DE ALEMAN, VER",1985-01-09,14:38:55,revisado
1985-01-09,10:39:30,no calculable,13.8,-92.96,33.0,"131 km al SUROESTE de CD HIDALGO, CHIS",1985-01-09,16:39:30,revisado
1985-01-09,15:20:08,no calculable,17.42,-95.27,21.0,"61 km al SUROESTE de SAYULA DE ALEMAN, VER",1985-01-09,21:20:08,revisado
1985-01-09,20:11:55,no calculable,14.46,-92.7,33.0,"64 km al SUROESTE de CD HIDALGO, CHIS",1985-01-10,02:11:55,revisado
1985-01-10,04:01:08,no calculable,14.23,-92.51,33.0,"63 km al SUROESTE de CD HIDALGO, CHIS",1985-01-10,10:01:08,revisado
1985-01-10,06:30:13,no calculable,14.68,-94.2,33.0,"154 km al SUROESTE de PIJIJIAPAN, CHIS",1985-01-10,12:30:13,revisado
1985-01-10,10:37:49,no calculable,17.51,-94.76,149.0,"46 km al SURESTE de SAYULA DE ALEMAN, VER",1985-01-10,16:37:49,revisado
1985-01-10,14:43:25,no calculable,13.73,-92.93,33.0,"134 km al SUROESTE de CD HIDALGO, CHIS",1985-01-10,20:43:25,revisado
1985-01-10,19:15:36,no calculable,15.0,-93.96,33.0,"111 km al SUROESTE de PIJIJIAPAN, CHIS",1985-01-11,01:15:36,revisado
1985-01-10,21:34:21,no calculable,14.88,-93.86,33.0,"113 km al SUROESTE de PIJIJIAPAN, CHIS",1985-01-11,03:34:21,revisado
1985-01-11,00:10:06,no calculable,14.61,-94.05,15.0,"149 km al SUROESTE de PIJIJIAPAN, CHIS",1985-01-11,06:10:06,revisado
1985-01-11,11:08:25,no calculable,17.06,-94.43,80.0,"68 km al NORESTE de MATIAS ROMERO, OAX",1985-01-11,17:08:25,revisado
1985-01-11,13:06:13,no calculable,15.58,-93.12,60.0,"15 km al SURESTE de PIJIJIAPAN, CHIS",1985-01-11,19:06:13,revisado
1985-01-11,13:36:56,no calculable,13.77,-93.7,33.0,"195 km al SUROESTE de CD HIDALGO, CHIS",1985-01-11,19:36:56,revisado
1985-01-11,18:44:50,no calculable,14.55,-94.74,33.0,"187 km al SURESTE de SALINA CRUZ, OAX",1985-01-12,00:44:50,revisado
1985-01-12,02:28:16,no calculable,14.25,-91.99,33.0,"51 km al SURESTE de CD HIDALGO, CHIS",1985-01-12,08:28:16,revisado
1985-01-12,11:26:56,no calculable,15.96,-98.14,33.0,"43 km al SUR de PINOTEPA NACIONAL, OAX",1985-01-12,17:26:56,revisado
1985-01-13,04:57:46,no calculable,14.58,-94.83,15.0,"181 km al SUR de SALINA CRUZ, OAX",1985-01-13,10:57:46,revisado
1985-01-13,05:54:03,no calculable,17.34,-94.21,80.0,"64 km al SUR de LAS CHOAPAS, VER",1985-01-13,11:54:03,revisado
1985-01-13,06:05:17,no calculable,19.26,-98.43,5.0,"3 km al SUR de S MARTIN TEXMELUCAN, PUE",1985-01-13,12:05:17,revisado
1985-01-14,06:25:37,no calculable,13.74,-93.14,33.0,"149 km al SUROESTE de CD HIDALGO, CHIS",1985-01-14,12:25:37,revisado
1985-01-14,11:51:59,no calculable,14.86,-94.88,33.0,"150 km al SUR de SALINA CRUZ, OAX",1985-01-14,17:51:59,revisado
1985-01-14,15:57:52,no calculable,32.01,-116.54,8.0,"18 km al NORESTE de ENSENADA, BC",1985-01-14,21:57:52,revisado
1985-01-14,18:38:35,no calculable,14.46,-94.3,70.0,"179 km al SUROESTE de PIJIJIAPAN, CHIS",1985-01-15,00:38:35,revisado
1985-01-14,19:50:27,no calculable,15.73,-94.36,33.0,"74 km al SUROESTE de ARRIAGA , CHIS",1985-01-15,01:50:27,revisado
1985-01-14,22:31:52,no calculable,15.19,-94.15,33.0,"108 km al SUROESTE de TONALA, CHIS",1985-01-15,04:31:52,revisado
1985-01-15,00:35:46,no calculable,15.99,-93.86,33.0,"15 km al SUROESTE de TONALA, CHIS",1985-01-15,06:35:46,revisado
1985-01-15,03:08:41,no calculable,31.86,-116.49,8.0,"11 km al ESTE de ENSENADA, BC",1985-01-15,09:08:41,revisado
1985-01-15,04:24:13,no calculable,16.87,-94.94,75.0,"11 km al ESTE de MATIAS ROMERO, OAX",1985-01-15,10:24:13,revisado
1985-01-15,06:00:13,5.1,16.65,-98.0,112.0,"35 km al NORTE de PINOTEPA NACIONAL, OAX",1985-01-15,12:00:13,revisado
1985-01-15,12:17:03,no calculable,15.09,-92.39,60.0,"10 km al SURESTE de HUIXTLA, CHIS",1985-01-15,18:17:03,revisado
1985-01-15,15:51:56,no calculable,31.92,-115.82,8.0,"74 km al NORESTE de RODOLFO SANCHEZ T(MRO), BC",1985-01-15,21:51:56,revisado
1985-01-15,15:59:20,no calculable,17.19,-100.08,33.0,"20 km al NORTE de COYUCA DE BENITEZ, GRO",1985-01-15,21:59:20,revisado
1985-01-15,22:08:56,no calculable,15.65,-93.69,33.0,"49 km al SUR de TONALA, CHIS",1985-01-16,04:08:56,revisado
1985-01-16,00:19:39,no calculable,16.82,-100.19,33.0,"23 km al SUROESTE de COYUCA DE BENITEZ, GRO",1985-01-16,06:19:39,revisado
1985-01-16,00:25:59,no calculable,15.81,-98.67,33.0,"88 km al SUROESTE de PINOTEPA NACIONAL, OAX",1985-01-16,06:25:59,revisado
1985-01-16,17:43:33,no calculable,14.98,-94.25,15.0,"133 km al SUROESTE de TONALA, CHIS",1985-01-16,23:43:33,revisado
1985-01-16,20:24:13,no calculable,15.59,-95.04,15.0,"68 km al SUR de SALINA CRUZ, OAX",1985-01-17,02:24:13,revisado
1985-01-16,23:08:55,no calculable,17.74,-94.97,103.0,"16 km al SUR de SAYULA DE ALEMAN, VER",1985-01-17,05:08:55,revisado
1985-01-16,23:47:19,no calculable,15.81,-97.93,33.0,"58 km al SUROESTE de RIO GRANDE, OAX",1985-01-17,05:47:19,revisado
1985-01-17,05:45:51,no calculable,15.7,-97.77,33.0,"50 km al SUROESTE de RIO GRANDE, OAX",1985-01-17,11:45:51,revisado
1985-01-17,06:41:52,no calculable,15.7,-96.72,33.0,"28 km al OESTE de S PEDRO POCHUTLA, OAX",1985-01-17,12:41:52,revisado
1985-01-17,07:50:34,no calculable,17.76,-101.55,33.0,"13 km al NORTE de ZIHUATANEJO, GRO",1985-01-17,13:50:34,revisado
1985-01-17,08:37:00,no calculable,15.64,-98.31,33.0,"82 km al SUROESTE de PINOTEPA NACIONAL, OAX",1985-01-17,14:37:00,revisado
1985-01-17,18:42:28,no calculable,14.22,-93.0,33.0,"105 km al SUROESTE de CD HIDALGO, CHIS",1985-01-18,00:42:28,revisado
1985-01-17,22:57:12,no calculable,13.9,-92.67,33.0,"103 km al SUROESTE de CD HIDALGO, CHIS",1985-01-18,04:57:12,revisado
1985-01-18,09:00:26,no calculable,14.65,-91.83,70.0,"35 km al ESTE de CD HIDALGO, CHIS",1985-01-18,15:00:26,revisado
1985-01-19,15:57:44,no calculable,14.2,-93.66,33.0,"160 km al SUROESTE de MAPASTEPEC, CHIS",1985-01-19,21:57:44,revisado
1985-01-19,16:36:34,no calculable,14.78,-93.98,33.0,"130 km al SUROESTE de PIJIJIAPAN, CHIS",1985-01-19,22:36:34,revisado
1985-01-19,18:01:50,no calculable,16.06,-96.92,60.0,"27 km al NORESTE de PUERTO ESCONDIDO, OAX",1985-01-20,00:01:50,revisado
1985-01-19,20:05:45,no calculable,18.29,-100.7,60.0,"8 km al SUROESTE de CD ALTAMIRANO, GRO",1985-01-20,02:05:45,revisado
1985-01-19,23:31:01,no calculable,16.07,-93.87,33.0,"12 km al OESTE de TONALA, CHIS",1985-01-20,05:31:01,revisado
1985-01-20,00:52:33,no calculable,15.42,-92.1,120.0,"17 km al NORESTE de MOTOZINTLA, CHIS",1985-01-20,06:52:33,revisado
1985-01-20,01:30:33,no calculable,14.27,-94.59,33.0,"216 km al SUROESTE de PIJIJIAPAN, CHIS",1985-01-20,07:30:33,revisado
1985-01-20,07:50:46,4.5,17.38,-103.41,33.0,"135 km al SUROESTE de LA MIRA, MICH",1985-01-20,13:50:46,revisado
1985-01-20,08:41:36,no calculable,15.0,-94.27,33.0,"132 km al SUROESTE de TONALA, CHIS",1985-01-20,14:41:36,revisado
1985-01-20,09:08:28,no calculable,17.06,-94.19,35.0,"64 km al NOROESTE de CINTALAPA, CHIS",1985-01-20,15:08:28,revisado
1985-01-20,19:19:29,no calculable,13.62,-91.8,33.0,"123 km al SURESTE de CD HIDALGO, CHIS",1985-01-21,01:19:29,revisado
1985-01-20,19:55:08,no calculable,15.03,-92.46,60.0,"12 km al SUR de HUIXTLA, CHIS",1985-01-21,01:55:08,revisado
1985-01-20,20:04:21,no calculable,14.53,-93.01,33.0,"89 km al SUROESTE de HUIXTLA, CHIS",1985-01-21,02:04:21,revisado
1985-01-21,03:32:19,no calculable,15.91,-94.13,33.0,"44 km al SUROESTE de ARRIAGA , CHIS",1985-01-21,09:32:19,revisado
1985-01-21,06:22:43,no calculable,16.89,-95.39,142.0,"37 km al OESTE de MATIAS ROMERO, OAX",1985-01-21,12:22:43,revisado
1985-01-21,15:08:16,no calculable,15.86,-93.37,33.0,"26 km al NOROESTE de PIJIJIAPAN, CHIS",1985-01-21,21:08:16,revisado
1985-01-22,16:08:49,no calculable,18.36,-101.7,33.0,"66 km al NORESTE de LAS GUACAMAYAS, MICH",1985-01-22,22:08:49,revisado
1985-01-23,00:02:43,no calculable,16.99,-99.78,15.0,"18 km al NORESTE de ACAPULCO, GRO",1985-01-23,06:02:43,revisado
1985-01-23,04:29:49,no calculable,13.61,-92.59,33.0,"127 km al SUROESTE de CD HIDALGO, CHIS",1985-01-23,10:29:49,revisado
1985-01-23,07:08:58,no calculable,15.58,-93.33,33.0,"18 km al SUROESTE de PIJIJIAPAN, CHIS",1985-01-23,13:08:58,revisado
1985-01-23,19:00:49,no calculable,14.62,-93.0,33.0,"81 km al SUROESTE de HUIXTLA, CHIS",1985-01-24,01:00:49,revisado
1985-01-23,20:58:44,no calculable,14.08,-93.02,33.0,"115 km al SUROESTE de CD HIDALGO, CHIS",1985-01-24,02:58:44,revisado
1985-01-24,04:26:00,no calculable,14.32,-92.87,33.0,"87 km al SUROESTE de CD HIDALGO, CHIS",1985-01-24,10:26:00,revisado
1985-01-24,05:11:05,no calculable,31.91,-116.36,8.0,"24 km al ESTE de ENSENADA, BC",1985-01-24,11:11:05,revisado
1985-01-24,05:39:36,no calculable,31.89,-116.38,8.0,"22 km al ESTE de ENSENADA, BC",1985-01-24,11:39:36,revisado
1985-01-24,21:59:24,3.9,19.28,-109.04,9.0,"410 km al SUR de CABO SAN LUCAS, BCS",1985-01-25,03:59:24,revisado
1985-01-25,00:45:43,5.2,19.65,-108.95,9.0,"372 km al SURESTE de CABO SAN LUCAS, BCS",1985-01-25,06:45:43,revisado
1985-01-25,16:04:03,no calculable,15.92,-93.42,33.0,"34 km al NOROESTE de PIJIJIAPAN, CHIS",1985-01-25,22:04:03,revisado
1985-01-25,17:42:28,no calculable,18.14,-98.5,33.0,"21 km al SURESTE de CHIAUTLA DE TAPIA, PUE",1985-01-25,23:42:28,revisado
1985-01-25,20:12:34,no calculable,14.16,-93.22,90.0,"129 km al SUROESTE de CD HIDALGO, CHIS",1985-01-26,02:12:34,revisado
1985-01-25,21:50:31,no calculable,15.15,-96.29,33.0,"68 km al SURESTE de S PEDRO POCHUTLA, OAX",1985-01-26,03:50:31,revisado
1985-01-26,01:19:03,no calculable,17.62,-94.73,142.0,"38 km al SURESTE de SAYULA DE ALEMAN, VER",1985-01-26,07:19:03,revisado
1985-01-26,16:23:39,no calculable,31.9,-116.33,8.0,"27 km al ESTE de ENSENADA, BC",1985-01-26,22:23:39,revisado
1985-01-26,23:04:30,no calculable,15.22,-92.37,33.0,"14 km al NORESTE de HUIXTLA, CHIS",1985-01-27,05:04:30,revisado
1985-01-27,08:53:38,no calculable,31.87,-116.24,8.0,"35 km al NORESTE de RODOLFO SANCHEZ T(MRO), BC",1985-01-27,14:53:38,revisado
1985-01-27,09:06:59,no calculable,31.92,-116.45,8.0,"16 km al NORESTE de ENSENADA, BC",1985-01-27,15:06:59,revisado
1985-01-28,02:11:43,no calculable,13.72,-92.3,33.0,"107 km al SUR de CD HIDALGO, CHIS",1985-01-28,08:11:43,revisado
1985-01-28,02:20:16,no calculable,16.13,-98.05,33.0,"23 km al SUR de PINOTEPA NACIONAL, OAX",1985-01-28,08:20:16,revisado
1985-01-28,07:18:58,no calculable,13.77,-93.21,33.0,"152 km al SUROESTE de CD HIDALGO, CHIS",1985-01-28,13:18:58,revisado
1985-01-29,01:38:15,no calculable,16.37,-99.21,5.0,"51 km al SURESTE de SAN MARCOS, GRO",1985-01-29,07:38:15,revisado
1985-01-29,06:11:17,no calculable,16.09,-95.36,33.0,"20 km al SUROESTE de SALINA CRUZ, OAX",1985-01-29,12:11:17,revisado
1985-01-29,10:17:52,no calculable,15.88,-95.92,33.0,"26 km al NORESTE de CRUCECITA, OAX",1985-01-29,16:17:52,revisado
1985-01-29,10:48:52,no calculable,13.9,-91.52,33.0,"110 km al SURESTE de CD HIDALGO, CHIS",1985-01-29,16:48:52,revisado
1985-01-29,18:38:30,no calculable,15.63,-97.07,33.0,"26 km al SUR de PUERTO ESCONDIDO, OAX",1985-01-30,00:38:30,revisado
1985-01-29,19:52:57,no calculable,17.05,-99.39,15.0,"28 km al NORTE de SAN MARCOS, GRO",1985-01-30,01:52:57,revisado
1985-01-30,12:49:08,no calculable,16.48,-98.08,15.0,"16 km al NORTE de PINOTEPA NACIONAL, OAX",1985-01-30,18:49:08,revisado
1985-01-30,13:33:00,no calculable,17.5,-99.25,33.0,"13 km al SUROESTE de CHILAPA DE ALVAREZ, GRO",1985-01-30,19:33:00,revisado
1985-01-30,17:26:47,no calculable,16.5,-94.48,33.0,"37 km al ESTE de UNION HIDALGO, OAX",1985-01-30,23:26:47,revisado
1985-01-31,01:15:18,no calculable,15.95,-97.83,15.0,"43 km al OESTE de RIO GRANDE, OAX",1985-01-31,07:15:18,revisado
1985-01-31,01:50:08,no calculable,17.53,-94.59,117.0,"50 km al SURESTE de JALTIPAN DE MORELOS, VER",1985-01-31,07:50:08,revisado
1985-01-31,03:39:47,no calculable,15.78,-93.22,15.0,"10 km al NORTE de PIJIJIAPAN, CHIS",1985-01-31,09:39:47,revisado
1985-01-31,10:35:26,no calculable,15.71,-94.78,33.0,"69 km al SURESTE de SALINA CRUZ, OAX",1985-01-31,16:35:26,revisado
1985-01-31,19:19:11,4.5,15.29,-94.86,5.0,"105 km al SURESTE de SALINA CRUZ, OAX",1985-02-01,01:19:11,revisado
1985-02-01,08:59:20,no calculable,32.19,-115.08,8.0,"11 km al SUR de GPE VICTORIA(KM.43), BC",1985-02-01,14:59:20,revisado
1985-02-01,13:53:36,no calculable,15.31,-95.36,33.0,"97 km al SURESTE de CRUCECITA, OAX",1985-02-01,19:53:36,revisado
1985-02-01,21:40:01,no calculable,31.76,-116.0,8.0,"54 km al ESTE de RODOLFO SANCHEZ T(MRO), BC",1985-02-02,03:40:01,revisado
1985-02-02,04:23:24,4.1,17.03,-94.58,46.0,"52 km al NORESTE de MATIAS ROMERO, OAX",1985-02-02,10:23:24,revisado
1985-02-02,14:39:39,no calculable,16.22,-94.07,80.0,"18 km al OESTE de ARRIAGA , CHIS",1985-02-02,20:39:39,revisado
1985-02-02,14:58:16,no calculable,15.36,-94.91,33.0,"96 km al SURESTE de SALINA CRUZ, OAX",1985-02-02,20:58:16,revisado
1985-02-02,21:30:23,no calculable,15.84,-95.61,33.0,"57 km al ESTE de CRUCECITA, OAX",1985-02-03,03:30:23,revisado
1985-02-02,21:47:48,4.2,17.26,-99.54,70.0,"32 km al SUR de CHILPANCINGO, GRO",1985-02-03,03:47:48,revisado
1985-02-03,04:21:33,no calculable,15.55,-94.99,33.0,"73 km al SURESTE de SALINA CRUZ, OAX",1985-02-03,10:21:33,revisado
1985-02-03,05:23:59,no calculable,15.59,-95.37,33.0,"68 km al SUROESTE de SALINA CRUZ, OAX",1985-02-03,11:23:59,revisado
1985-02-03,08:12:10,no calculable,13.96,-93.5,33.0,"166 km al SUROESTE de CD HIDALGO, CHIS",1985-02-03,14:12:10,revisado
1985-02-03,11:14:50,no calculable,15.22,-89.43,60.0,"295 km al ESTE de FRONTERA COMALAPA, CHIS",1985-02-03,17:14:50,revisado
1985-02-03,12:36:37,4.3,15.7,-98.21,15.0,"73 km al SUR de PINOTEPA NACIONAL, OAX",1985-02-03,18:36:37,revisado
1985-02-04,00:49:24,no calculable,14.47,-94.01,33.0,"160 km al SUROESTE de PIJIJIAPAN, CHIS",1985-02-04,06:49:24,revisado
1985-02-04,01:34:29,no calculable,18.1,-100.75,40.0,"30 km al SUROESTE de CD ALTAMIRANO, GRO",1985-02-04,07:34:29,revisado
1985-02-04,02:15:25,no calculable,18.02,-99.47,33.0,"35 km al SUROESTE de CD DE HUITZUCO, GRO",1985-02-04,08:15:25,revisado
1985-02-04,03:34:11,no calculable,15.82,-95.04,33.0,"43 km al SURESTE de SALINA CRUZ, OAX",1985-02-04,09:34:11,revisado
1985-02-04,10:29:01,no calculable,18.77,-93.75,33.0,"70 km al NOROESTE de PARAISO, TAB",1985-02-04,16:29:01,revisado
1985-02-04,14:34:56,no calculable,16.31,-95.23,33.0,"2 km al SURESTE de TEHUANTEPEC, OAX",1985-02-04,20:34:56,revisado
1985-02-04,22:24:40,no calculable,15.59,-95.59,33.0,"62 km al SURESTE de CRUCECITA, OAX",1985-02-05,04:24:40,revisado
1985-02-05,08:22:03,no calculable,13.96,-93.08,33.0,"128 km al SUROESTE de CD HIDALGO, CHIS",1985-02-05,14:22:03,revisado
1985-02-05,11:54:41,no calculable,16.85,-98.26,33.0,"24 km al NORESTE de OMETEPEC, GRO",1985-02-05,17:54:41,revisado
1985-02-05,11:54:42,no calculable,17.04,-98.25,33.0,"43 km al NORESTE de OMETEPEC, GRO",1985-02-05,17:54:42,revisado
1985-02-05,18:40:00,no calculable,14.9,-93.15,33.0,"66 km al SUROESTE de MAPASTEPEC, CHIS",1985-02-06,00:40:00,revisado
1985-02-05,19:39:53,no calculable,16.84,-100.77,33.0,"45 km al SUROESTE de TECPAN, GRO",1985-02-06,01:39:53,revisado
1985-02-05,23:33:54,no calculable,14.65,-94.78,33.0,"175 km al SUR de SALINA CRUZ, OAX",1985-02-06,05:33:54,revisado
1985-02-06,00:34:11,no calculable,16.59,-101.22,33.0,"94 km al SUROESTE de TECPAN, GRO",1985-02-06,06:34:11,revisado
1985-02-06,14:57:02,no calculable,15.36,-93.08,33.0,"22 km al SUROESTE de MAPASTEPEC, CHIS",1985-02-06,20:57:02,revisado
1985-02-06,15:44:12,no calculable,16.82,-94.29,131.0,"62 km al OESTE de CINTALAPA, CHIS",1985-02-06,21:44:12,revisado
1985-02-07,00:56:20,no calculable,17.95,-100.3,54.0,"40 km al SUR de ARCELIA, GRO",1985-02-07,06:56:20,revisado
1985-02-08,00:54:21,no calculable,17.12,-99.46,33.0,"37 km al NORTE de SAN MARCOS, GRO",1985-02-08,06:54:21,revisado
1985-02-08,19:27:37,no calculable,15.86,-98.52,5.0,"73 km al SUROESTE de PINOTEPA NACIONAL, OAX",1985-02-09,01:27:37,revisado
1985-02-09,02:12:47,no calculable,14.53,-92.59,60.0,"50 km al SUROESTE de CD HIDALGO, CHIS",1985-02-09,08:12:47,revisado
1985-02-09,02:55:04,no calculable,14.95,-92.79,33.0,"41 km al SUROESTE de HUIXTLA, CHIS",1985-02-09,08:55:04,revisado
1985-02-09,20:46:31,no calculable,14.34,-91.31,33.0,"98 km al SURESTE de CD HIDALGO, CHIS",1985-02-10,02:46:31,revisado
1985-02-09,22:43:29,no calculable,18.01,-95.43,33.0,"3 km al NOROESTE de J RODRIGUEZ CLARA, VER",1985-02-10,04:43:29,revisado
1985-02-10,02:13:39,no calculable,15.58,-99.24,33.0,"135 km al SUR de SAN MARCOS, GRO",1985-02-10,08:13:39,revisado
1985-02-10,04:13:24,no calculable,16.25,-97.57,9.0,"30 km al NOROESTE de RIO GRANDE, OAX",1985-02-10,10:13:24,revisado
1985-02-10,10:35:49,5.1,16.28,-94.97,70.0,"18 km al SURESTE de JUCHITAN DE ZARAGOZA, OAX",1985-02-10,16:35:49,revisado
1985-02-10,13:17:55,no calculable,31.83,-116.11,8.0,"45 km al ESTE de RODOLFO SANCHEZ T(MRO), BC",1985-02-10,19:17:55,revisado
1985-02-10,15:37:41,5.0,18.24,-103.16,26.0,"59 km al SUR de COALCOMAN, MICH",1985-02-10,21:37:41,revisado
1985-02-10,18:13:52,5.2,16.24,-95.1,74.0,"12 km al NORESTE de SALINA CRUZ, OAX",1985-02-11,00:13:52,revisado
1985-02-10,18:27:35,no calculable,16.11,-97.47,60.0,"12 km al NOROESTE de RIO GRANDE, OAX",1985-02-11,00:27:35,revisado
1985-02-11,01:25:49,no calculable,15.8,-93.69,33.0,"32 km al SUR de TONALA, CHIS",1985-02-11,07:25:49,revisado
1985-02-11,03:11:04,no calculable,14.38,-93.48,33.0,"133 km al SUROESTE de MAPASTEPEC, CHIS",1985-02-11,09:11:04,revisado
1985-02-11,15:09:24,4.6,16.92,-99.99,45.0,"11 km al NOROESTE de ACAPULCO, GRO",1985-02-11,21:09:24,revisado
1985-02-11,15:12:45,no calculable,16.53,-100.29,33.0,"56 km al SUROESTE de ACAPULCO, GRO",1985-02-11,21:12:45,revisado
1985-02-11,16:33:13,no calculable,16.55,-99.71,33.0,"41 km al SURESTE de ACAPULCO, GRO",1985-02-11,22:33:13,revisado
1985-02-11,21:22:10,no calculable,14.7,-93.44,33.0,"101 km al SUROESTE de MAPASTEPEC, CHIS",1985-02-12,03:22:10,revisado
1985-02-12,01:07:46,no calculable,16.79,-100.13,15.0,"24 km al SUR de COYUCA DE BENITEZ, GRO",1985-02-12,07:07:46,revisado
1985-02-12,03:38:17,4.3,16.61,-100.32,15.0,"50 km al SUROESTE de COYUCA DE BENITEZ, GRO",1985-02-12,09:38:17,revisado
1985-02-12,03:56:42,no calculable,15.87,-97.92,33.0,"54 km al SURESTE de PINOTEPA NACIONAL, OAX",1985-02-12,09:56:42,revisado
1985-02-12,14:44:39,no calculable,17.9,-98.11,65.0,"34 km al SUR de ACATLAN DE OSORIO, PUE",1985-02-12,20:44:39,revisado
1985-02-12,16:23:51,no calculable,16.1,-94.35,33.0,"50 km al SUROESTE de ARRIAGA , CHIS",1985-02-12,22:23:51,revisado
1985-02-12,16:46:24,no calculable,17.74,-94.98,123.0,"16 km al SUR de SAYULA DE ALEMAN, VER",1985-02-12,22:46:24,revisado
1985-02-12,22:28:48,no calculable,16.2,-97.52,5.0,"23 km al NOROESTE de RIO GRANDE, OAX",1985-02-13,04:28:48,revisado
1985-02-13,00:56:53,no calculable,13.77,-92.83,33.0,"124 km al SUROESTE de CD HIDALGO, CHIS",1985-02-13,06:56:53,revisado
1985-02-13,02:16:48,no calculable,16.38,-98.32,33.0,"29 km al OESTE de PINOTEPA NACIONAL, OAX",1985-02-13,08:16:48,revisado
1985-02-13,06:37:51,no calculable,15.49,-93.21,33.0,"22 km al SUR de PIJIJIAPAN, CHIS",1985-02-13,12:37:51,revisado
1985-02-13,06:49:26,no calculable,16.71,-93.04,33.0,"3 km al OESTE de CHIAPA DE CORZO, CHIS",1985-02-13,12:49:26,revisado
1985-02-13,14:26:04,no calculable,15.57,-95.44,70.0,"73 km al SUROESTE de SALINA CRUZ, OAX",1985-02-13,20:26:04,revisado
1985-02-14,03:13:16,3.8,16.58,-91.73,33.0,"40 km al NORESTE de LAS MARGARITAS, CHIS",1985-02-14,09:13:16,revisado
1985-02-14,05:47:08,no calculable,18.38,-100.94,60.0,"28 km al SUR de HUETAMO, MICH",1985-02-14,11:47:08,revisado
1985-02-14,06:12:57,no calculable,17.52,-101.16,15.0,"12 km al ESTE de PETATLAN, GRO",1985-02-14,12:12:57,revisado
1985-02-14,18:32:48,no calculable,14.03,-92.08,33.0,"72 km al SUR de CD HIDALGO, CHIS",1985-02-15,00:32:48,revisado
1985-02-15,00:31:04,no calculable,17.76,-101.68,33.0,"19 km al NOROESTE de ZIHUATANEJO, GRO",1985-02-15,06:31:04,revisado
1985-02-15,02:59:16,no calculable,16.65,-91.71,33.0,"47 km al NORESTE de LAS MARGARITAS, CHIS",1985-02-15,08:59:16,revisado
1985-02-15,10:26:58,no calculable,14.14,-93.51,33.0,"158 km al SUROESTE de HUIXTLA, CHIS",1985-02-15,16:26:58,revisado
1985-02-15,19:05:05,no calculable,14.53,-93.54,33.0,"123 km al SUROESTE de MAPASTEPEC, CHIS",1985-02-16,01:05:05,revisado
1985-02-15,20:26:24,no calculable,17.06,-100.03,15.0,"8 km al NORESTE de COYUCA DE BENITEZ, GRO",1985-02-16,02:26:24,revisado
1985-02-16,11:42:54,no calculable,16.24,-94.05,33.0,"16 km al OESTE de ARRIAGA , CHIS",1985-02-16,17:42:54,revisado
1985-02-16,15:36:47,no calculable,14.68,-92.8,33.0,"62 km al SUROESTE de HUIXTLA, CHIS",1985-02-16,21:36:47,revisado
1985-02-16,15:51:37,no calculable,16.14,-97.04,60.0,"31 km al NORTE de PUERTO ESCONDIDO, OAX",1985-02-16,21:51:37,revisado
1985-02-16,17:03:46,no calculable,14.95,-94.62,33.0,"150 km al SURESTE de SALINA CRUZ, OAX",1985-02-16,23:03:46,revisado
1985-02-16,18:01:18,4.6,17.59,-101.56,33.0,"6 km al SUR de ZIHUATANEJO, GRO",1985-02-17,00:01:18,revisado
1985-02-16,22:00:34,no calculable,18.22,-100.6,45.0,"17 km al SURESTE de CD ALTAMIRANO, GRO",1985-02-17,04:00:34,revisado
1985-02-17,06:34:00,no calculable,15.75,-95.49,33.0,"57 km al SUROESTE de SALINA CRUZ, OAX",1985-02-17,12:34:00,revisado
1985-02-17,17:04:59,no calculable,14.96,-95.26,33.0,"130 km al SURESTE de CRUCECITA, OAX",1985-02-17,23:04:59,revisado
1985-02-17,21:57:25,no calculable,16.26,-97.42,33.0,"28 km al NORTE de RIO GRANDE, OAX",1985-02-18,03:57:25,revisado
1985-02-18,03:06:41,no calculable,15.97,-98.2,33.0,"44 km al SUROESTE de PINOTEPA NACIONAL, OAX",1985-02-18,09:06:41,revisado
1985-02-18,05:30:07,no calculable,14.13,-94.2,33.0,"202 km al SUROESTE de MAPASTEPEC, CHIS",1985-02-18,11:30:07,revisado
1985-02-18,11:44:30,4.5,16.48,-94.58,101.0,"27 km al ESTE de UNION HIDALGO, OAX",1985-02-18,17:44:30,revisado
1985-02-18,16:33:25,no calculable,31.75,-115.9,8.0,"64 km al ESTE de RODOLFO SANCHEZ T(MRO), BC",1985-02-18,22:33:25,revisado
1985-02-18,21:23:30,no calculable,15.48,-94.5,33.0,"104 km al SUROESTE de TONALA, CHIS",1985-02-19,03:23:30,revisado
1985-02-18,21:26:08,no calculable,15.79,-93.64,33.0,"35 km al SURESTE de TONALA, CHIS",1985-02-19,03:26:08,revisado
1985-02-19,02:05:32,no calculable,16.69,-93.03,33.0,"3 km al SUROESTE de CHIAPA DE CORZO, CHIS",1985-02-19,08:05:32,revisado
1985-02-19,03:12:11,no calculable,15.87,-97.94,5.0,"54 km al SUR de PINOTEPA NACIONAL, OAX",1985-02-19,09:12:11,revisado
1985-02-19,12:12:59,no calculable,15.91,-95.13,33.0,"31 km al SUR de SALINA CRUZ, OAX",1985-02-19,18:12:59,revisado
1985-02-19,12:50:47,no calculable,16.43,-95.55,33.0,"35 km al NOROESTE de TEHUANTEPEC, OAX",1985-02-19,18:50:47,revisado
1985-02-19,15:32:48,no calculable,15.71,-94.66,33.0,"78 km al SURESTE de SALINA CRUZ, OAX",1985-02-19,21:32:48,revisado
1985-02-19,21:52:19,no calculable,15.92,-97.89,5.0,"50 km al SURESTE de PINOTEPA NACIONAL, OAX",1985-02-20,03:52:19,revisado
1985-02-20,03:50:30,no calculable,16.4,-95.19,60.0,"9 km al NORESTE de S BLAS ATEMPA, OAX",1985-02-20,09:50:30,revisado
1985-02-20,03:55:08,no calculable,15.44,-99.04,15.0,"145 km al SUROESTE de PINOTEPA NACIONAL, OAX",1985-02-20,09:55:08,revisado
1985-02-20,03:57:31,4.3,16.83,-100.16,33.0,"21 km al SUROESTE de COYUCA DE BENITEZ, GRO",1985-02-20,09:57:31,revisado
1985-02-21,10:47:56,no calculable,18.95,-98.9,5.0,"9 km al NOROESTE de YECAPIXTLA, MOR",1985-02-21,16:47:56,revisado
1985-02-21,15:17:44,no calculable,16.04,-96.01,33.0,"33 km al NORESTE de CRUCECITA, OAX",1985-02-21,21:17:44,revisado
1985-02-21,17:47:48,no calculable,16.3,-98.05,15.0,"5 km al SUR de PINOTEPA NACIONAL, OAX",1985-02-21,23:47:48,revisado
1985-02-21,19:11:52,no calculable,15.71,-98.03,5.0,"70 km al SUR de PINOTEPA NACIONAL, OAX",1985-02-22,01:11:52,revisado
1985-02-22,15:18:03,no calculable,13.58,-92.03,33.0,"122 km al SUR de CD HIDALGO, CHIS",1985-02-22,21:18:03,revisado
1985-02-23,08:55:15,no calculable,14.35,-93.61,33.0,"143 km al SUROESTE de MAPASTEPEC, CHIS",1985-02-23,14:55:15,revisado
1985-02-23,22:52:13,no calculable,16.55,-94.67,33.0,"19 km al NORESTE de UNION HIDALGO, OAX",1985-02-24,04:52:13,revisado
1985-02-25,06:02:02,3.8,17.65,-102.29,15.0,"35 km al SUR de CD LAZARO CARDENAS, MICH",1985-02-25,12:02:02,revisado
1985-02-25,12:11:27,no calculable,14.66,-92.57,33.0,"43 km al SUROESTE de TAPACHULA, CHIS",1985-02-25,18:11:27,revisado
1985-02-25,22:23:14,no calculable,17.25,-95.48,70.0,"63 km al NOROESTE de MATIAS ROMERO, OAX",1985-02-26,04:23:14,revisado
1985-02-25,22:48:30,no calculable,19.06,-98.02,5.0,"3 km al NORESTE de AMOZOC DE MOTA, PUE",1985-02-26,04:48:30,revisado
1985-02-27,07:17:29,3.9,17.47,-94.95,36.0,"46 km al SUR de SAYULA DE ALEMAN, VER",1985-02-27,13:17:29,revisado
1985-02-27,09:27:24,no calculable,17.71,-101.69,33.0,"16 km al NOROESTE de ZIHUATANEJO, GRO",1985-02-27,15:27:24,revisado
1985-02-27,18:21:12,no calculable,16.65,-94.91,80.0,"21 km al NOROESTE de UNION HIDALGO, OAX",1985-02-28,00:21:12,revisado
1985-02-27,23:52:31,no calculable,17.14,-101.85,33.0,"64 km al SUROESTE de ZIHUATANEJO, GRO",1985-02-28,05:52:31,revisado
1985-02-28,12:05:25,no calculable,18.09,-103.3,33.0,"77 km al SUR de COALCOMAN, MICH",1985-02-28,18:05:25,revisado
1985-03-01,09:24:27,no calculable,15.17,-93.32,33.0,"55 km al SUROESTE de MAPASTEPEC, CHIS",1985-03-01,15:24:27,revisado
1985-03-01,12:09:52,no calculable,15.66,-92.91,33.0,"24 km al NORTE de MAPASTEPEC, CHIS",1985-03-01,18:09:52,revisado
1985-03-02,12:19:54,no calculable,17.05,-89.93,33.0,"166 km al SURESTE de TENOSIQUE, TAB",1985-03-02,18:19:54,revisado
1985-03-02,16:01:16,no calculable,15.29,-97.4,5.0,"73 km al SUROESTE de PUERTO ESCONDIDO, OAX",1985-03-02,22:01:16,revisado
1985-03-02,20:16:37,no calculable,14.44,-92.75,33.0,"70 km al SUROESTE de CD HIDALGO, CHIS",1985-03-03,02:16:37,revisado
1985-03-02,23:30:33,no calculable,17.25,-101.34,33.0,"33 km al SUR de PETATLAN, GRO",1985-03-03,05:30:33,revisado
1985-03-03,08:53:25,no calculable,15.91,-99.11,33.0,"102 km al SURESTE de SAN MARCOS, GRO",1985-03-03,14:53:25,revisado
1985-03-03,09:48:11,no calculable,14.11,-93.47,33.0,"155 km al SUROESTE de CD HIDALGO, CHIS",1985-03-03,15:48:11,revisado
1985-03-03,10:44:12,no calculable,16.25,-97.93,5.0,"17 km al SURESTE de PINOTEPA NACIONAL, OAX",1985-03-03,16:44:12,revisado
1985-03-03,17:51:04,no calculable,14.18,-92.76,33.0,"86 km al SUROESTE de CD HIDALGO, CHIS",1985-03-03,23:51:04,revisado
1985-03-04,16:11:20,5.0,15.68,-92.88,100.0,"26 km al NORTE de MAPASTEPEC, CHIS",1985-03-04,22:11:20,revisado
1985-03-05,03:50:36,no calculable,15.89,-98.1,5.0,"50 km al SUR de PINOTEPA NACIONAL, OAX",1985-03-05,09:50:36,revisado
1985-03-05,04:38:05,no calculable,17.11,-101.48,33.0,"52 km al SUROESTE de PETATLAN, GRO",1985-03-05,10:38:05,revisado
1985-03-05,12:04:34,no calculable,15.55,-96.84,33.0,"42 km al SURESTE de PUERTO ESCONDIDO, OAX",1985-03-05,18:04:34,revisado
1985-03-05,16:03:51,no calculable,16.18,-97.45,5.0,"19 km al NORTE de RIO GRANDE, OAX",1985-03-05,22:03:51,revisado
1985-03-05,18:19:02,no calculable,31.93,-115.81,8.0,"75 km al NORESTE de RODOLFO SANCHEZ T(MRO), BC",1985-03-06,00:19:02,revisado
1985-03-06,04:18:27,4.0,16.34,-98.0,15.0,"6 km al ESTE de PINOTEPA NACIONAL, OAX",1985-03-06,10:18:27,revisado
1985-03-06,09:39:39,no calculable,14.39,-93.65,33.0,"142 km al SUROESTE de MAPASTEPEC, CHIS",1985-03-06,15:39:39,revisado
1985-03-06,18:26:02,4.5,26.32,-109.97,9.0,"65 km al SUROESTE de HUATABAMPO, SON",1985-03-07,00:26:02,revisado
1985-03-06,18:27:28,no calculable,16.39,-94.28,33.0,"44 km al NOROESTE de ARRIAGA , CHIS",1985-03-07,00:27:28,revisado
1985-03-06,20:09:53,no calculable,13.64,-94.05,33.0,"235 km al SUROESTE de CD HIDALGO, CHIS",1985-03-07,02:09:53,revisado
1985-03-06,22:34:11,3.8,15.67,-93.34,50.0,"14 km al OESTE de PIJIJIAPAN, CHIS",1985-03-07,04:34:11,revisado
1985-03-06,23:15:51,no calculable,16.5,-98.96,5.0,"56 km al SURESTE de SAN MARCOS, GRO",1985-03-07,05:15:51,revisado
1985-03-06,23:55:25,no calculable,16.65,-98.99,5.0,"46 km al SURESTE de SAN MARCOS, GRO",1985-03-07,05:55:25,revisado
1985-03-07,13:19:07,no calculable,18.69,-90.48,33.0,"28 km al NORESTE de ESCARCEGA, CAMP",1985-03-07,19:19:07,revisado
1985-03-07,17:50:36,no calculable,16.0,-95.12,33.0,"22 km al SURESTE de SALINA CRUZ, OAX",1985-03-07,23:50:36,revisado
1985-03-07,18:18:51,no calculable,16.43,-98.06,5.0,"10 km al NORTE de PINOTEPA NACIONAL, OAX",1985-03-08,00:18:51,revisado
1985-03-08,03:00:07,no calculable,16.25,-98.68,5.0,"56 km al SUROESTE de OMETEPEC, GRO",1985-03-08,09:00:07,revisado
1985-03-08,20:40:15,no calculable,14.12,-92.57,33.0,"77 km al SUROESTE de CD HIDALGO, CHIS",1985-03-09,02:40:15,revisado
1985-03-08,23:26:07,no calculable,15.09,-93.08,33.0,"44 km al SUROESTE de MAPASTEPEC, CHIS",1985-03-09,05:26:07,revisado
1985-03-09,14:55:49,no calculable,14.31,-94.15,33.0,"183 km al SUROESTE de PIJIJIAPAN, CHIS",1985-03-09,20:55:49,revisado
1985-03-10,02:28:59,4.7,16.09,-105.26,9.0,"342 km al SUROESTE de MANZANILLO, COL",1985-03-10,08:28:59,revisado
1985-03-10,03:16:32,no calculable,14.38,-94.77,33.0,"204 km al SUR de SALINA CRUZ, OAX",1985-03-10,09:16:32,revisado
1985-03-10,03:57:37,no calculable,16.37,-97.61,5.0,"44 km al NOROESTE de RIO GRANDE, OAX",1985-03-10,09:57:37,revisado
1985-03-10,04:01:12,4.6,15.64,-99.43,33.0,"128 km al SUR de SAN MARCOS, GRO",1985-03-10,10:01:12,revisado
1985-03-10,04:59:55,no calculable,15.89,-99.38,15.0,"100 km al SUR de SAN MARCOS, GRO",1985-03-10,10:59:55,revisado
1985-03-10,05:20:36,no calculable,15.85,-99.31,33.0,"105 km al SUR de SAN MARCOS, GRO",1985-03-10,11:20:36,revisado
1985-03-10,05:35:52,4.4,16.21,-99.1,5.0,"72 km al SURESTE de SAN MARCOS, GRO",1985-03-10,11:35:52,revisado
1985-03-10,07:54:58,no calculable,15.83,-98.95,15.0,"111 km al SUROESTE de OMETEPEC, GRO",1985-03-10,13:54:58,revisado
1985-03-10,08:13:42,no calculable,16.07,-98.86,15.0,"83 km al SUROESTE de OMETEPEC, GRO",1985-03-10,14:13:42,revisado
1985-03-10,12:50:45,no calculable,15.94,-98.87,15.0,"96 km al SUROESTE de OMETEPEC, GRO",1985-03-10,18:50:45,revisado
1985-03-10,13:33:13,5.2,13.45,-89.03,77.0,"363 km al SURESTE de CD HIDALGO, CHIS",1985-03-10,19:33:13,revisado
1985-03-10,13:56:43,no calculable,15.59,-92.82,33.0,"18 km al NORESTE de MAPASTEPEC, CHIS",1985-03-10,19:56:43,revisado
1985-03-11,02:31:02,no calculable,15.72,-98.87,33.0,"111 km al SUROESTE de PINOTEPA NACIONAL, OAX",1985-03-11,08:31:02,revisado
1985-03-11,02:46:00,no calculable,13.79,-93.77,33.0,"200 km al SUROESTE de CD HIDALGO, CHIS",1985-03-11,08:46:00,revisado
1985-03-11,03:57:17,no calculable,14.2,-94.11,33.0,"190 km al SUROESTE de MAPASTEPEC, CHIS",1985-03-11,09:57:17,revisado
1985-03-11,06:15:48,no calculable,14.52,-92.98,33.0,"88 km al SUROESTE de HUIXTLA, CHIS",1985-03-11,12:15:48,revisado
1985-03-11,07:39:50,no calculable,17.26,-100.81,15.0,"20 km al OESTE de TECPAN, GRO",1985-03-11,13:39:50,revisado
1985-03-11,08:35:04,no calculable,20.27,-99.1,15.0,"10 km al NORESTE de PROGRESO, HGO",1985-03-11,14:35:04,revisado
1985-03-11,11:37:52,no calculable,13.7,-94.36,33.0,"249 km al SUROESTE de MAPASTEPEC, CHIS",1985-03-11,17:37:52,revisado
1985-03-11,12:47:11,no calculable,14.12,-94.66,33.0,"233 km al SUROESTE de PIJIJIAPAN, CHIS",1985-03-11,18:47:11,revisado
1985-03-11,21:51:01,4.3,14.96,-94.3,80.0,"138 km al SUROESTE de TONALA, CHIS",1985-03-12,03:51:01,revisado
1985-03-11,22:43:19,no calculable,18.05,-96.25,110.0,"14 km al SUROESTE de TUXTEPEC, OAX",1985-03-12,04:43:19,revisado
1985-03-12,03:37:14,no calculable,16.39,-98.68,5.0,"44 km al SUROESTE de OMETEPEC, GRO",1985-03-12,09:37:14,revisado
1985-03-13,06:33:46,no calculable,15.7,-94.87,33.0,"64 km al SURESTE de SALINA CRUZ, OAX",1985-03-13,12:33:46,revisado
1985-03-13,13:01:33,no calculable,15.87,-98.21,5.0,"55 km al SUROESTE de PINOTEPA NACIONAL, OAX",1985-03-13,19:01:33,revisado
1985-03-13,16:03:32,no calculable,15.04,-93.21,140.0,"56 km al SUROESTE de MAPASTEPEC, CHIS",1985-03-13,22:03:32,revisado
1985-03-13,22:34:41,no calculable,31.71,-115.91,8.0,"63 km al ESTE de RODOLFO SANCHEZ T(MRO), BC",1985-03-14,04:34:41,revisado
1985-03-14,00:32:06,no calculable,16.53,-96.01,80.0,"66 km al NORESTE de MIAHUATLAN, OAX",1985-03-14,06:32:06,revisado
1985-03-14,05:08:41,4.1,16.06,-99.15,15.0,"85 km al SURESTE de SAN MARCOS, GRO",1985-03-14,11:08:41,revisado
1985-03-14,06:06:04,no calculable,15.05,-97.37,5.0,"96 km al SUROESTE de PUERTO ESCONDIDO, OAX",1985-03-14,12:06:04,revisado
1985-03-14,15:43:47,no calculable,16.28,-100.17,33.0,"72 km al SUROESTE de ACAPULCO, GRO",1985-03-14,21:43:47,revisado
1985-03-14,19:23:31,no calculable,14.52,-94.05,33.0,"157 km al SUROESTE de PIJIJIAPAN, CHIS",1985-03-15,01:23:31,revisado
1985-03-15,08:17:07,no calculable,15.22,-97.45,33.0,"82 km al SUROESTE de PUERTO ESCONDIDO, OAX",1985-03-15,14:17:07,revisado
1985-03-15,19:48:06,no calculable,16.47,-94.64,70.0,"20 km al ESTE de UNION HIDALGO, OAX",1985-03-16,01:48:06,revisado
1985-03-15,22:16:33,no calculable,15.87,-93.78,33.0,"24 km al SUR de TONALA, CHIS",1985-03-16,04:16:33,revisado
1985-03-16,12:15:53,no calculable,16.22,-95.59,33.0,"39 km al SUROESTE de TEHUANTEPEC, OAX",1985-03-16,18:15:53,revisado
1985-03-16,14:11:55,no calculable,15.66,-95.84,33.0,"34 km al SURESTE de CRUCECITA, OAX",1985-03-16,20:11:55,revisado
1985-03-16,15:09:39,no calculable,15.72,-95.83,33.0,"33 km al ESTE de CRUCECITA, OAX",1985-03-16,21:09:39,revisado
1985-03-16,18:10:05,no calculable,15.25,-96.98,33.0,"68 km al SUR de PUERTO ESCONDIDO, OAX",1985-03-17,00:10:05,revisado
1985-03-16,21:12:35,no calculable,15.73,-95.82,33.0,"34 km al ESTE de CRUCECITA, OAX",1985-03-17,03:12:35,revisado
1985-03-16,23:38:52,no calculable,17.28,-100.8,45.0,"19 km al NOROESTE de TECPAN, GRO",1985-03-17,05:38:52,revisado
1985-03-17,06:43:12,no calculable,18.0,-94.56,33.0,"1 km al NORTE de MINATITLAN, VER",1985-03-17,12:43:12,revisado
1985-03-17,13:28:56,no calculable,13.76,-91.37,33.0,"132 km al SURESTE de CD HIDALGO, CHIS",1985-03-17,19:28:56,revisado
1985-03-17,16:53:23,no calculable,15.74,-94.28,33.0,"68 km al SUROESTE de TONALA, CHIS",1985-03-17,22:53:23,revisado
1985-03-18,22:05:42,no calculable,15.53,-99.04,15.0,"139 km al SUROESTE de PINOTEPA NACIONAL, OAX",1985-03-19,04:05:42,revisado
1985-03-19,07:46:14,no calculable,17.5,-95.03,33.0,"43 km al SUR de SAYULA DE ALEMAN, VER",1985-03-19,13:46:14,revisado
1985-03-19,10:52:21,4.3,17.54,-97.03,70.0,"51 km al SURESTE de TEPELMEME, OAX",1985-03-19,16:52:21,revisado
1985-03-19,17:48:54,no calculable,16.49,-98.5,5.0,"24 km al SUROESTE de OMETEPEC, GRO",1985-03-19,23:48:54,revisado
1985-03-20,00:48:30,no calculable,18.85,-90.41,15.0,"44 km al NORESTE de ESCARCEGA, CAMP",1985-03-20,06:48:30,revisado
1985-03-20,03:56:01,no calculable,15.37,-93.72,33.0,"65 km al SUROESTE de PIJIJIAPAN, CHIS",1985-03-20,09:56:01,revisado
1985-03-20,06:20:42,no calculable,15.45,-93.58,33.0,"48 km al SUROESTE de PIJIJIAPAN, CHIS",1985-03-20,12:20:42,revisado
1985-03-20,09:59:46,no calculable,15.07,-93.25,33.0,"56 km al SUROESTE de MAPASTEPEC, CHIS",1985-03-20,15:59:46,revisado
1985-03-20,10:38:43,no calculable,31.81,-116.35,8.0,"23 km al NORESTE de RODOLFO SANCHEZ T(MRO), BC",1985-03-20,16:38:43,revisado
1985-03-20,13:24:30,no calculable,14.17,-93.87,33.0,"176 km al SUROESTE de MAPASTEPEC, CHIS",1985-03-20,19:24:30,revisado
1985-03-21,04:58:37,no calculable,16.18,-95.24,33.0,"5 km al OESTE de SALINA CRUZ, OAX",1985-03-21,10:58:37,revisado
1985-03-21,06:02:39,no calculable,14.35,-93.34,33.0,"128 km al SUROESTE de HUIXTLA, CHIS",1985-03-21,12:02:39,revisado
1985-03-22,00:30:16,no calculable,15.84,-98.24,5.0,"59 km al SUROESTE de PINOTEPA NACIONAL, OAX",1985-03-22,06:30:16,revisado
1985-03-22,05:16:00,4.4,14.66,-94.56,33.0,"180 km al SUROESTE de TONALA, CHIS",1985-03-22,11:16:00,revisado
1985-03-22,05:28:49,no calculable,15.53,-95.15,33.0,"72 km al SUR de SALINA CRUZ, OAX",1985-03-22,11:28:49,revisado
1985-03-22,07:59:35,4.6,15.2,-94.57,33.0,"128 km al SURESTE de SALINA CRUZ, OAX",1985-03-22,13:59:35,revisado
1985-03-22,10:40:35,no calculable,18.85,-93.32,33.0,"52 km al NORTE de PARAISO, TAB",1985-03-22,16:40:35,revisado
1985-03-22,11:32:47,no calculable,15.7,-98.61,5.0,"93 km al SUROESTE de PINOTEPA NACIONAL, OAX",1985-03-22,17:32:47,revisado
1985-03-22,20:34:23,no calculable,31.73,-115.93,8.0,"61 km al ESTE de RODOLFO SANCHEZ T(MRO), BC",1985-03-23,02:34:23,revisado
1985-03-23,04:39:26,no calculable,16.07,-97.8,5.0,"40 km al OESTE de RIO GRANDE, OAX",1985-03-23,10:39:26,revisado
1985-03-23,12:15:26,no calculable,14.8,-96.93,33.0,"116 km al SUROESTE de S PEDRO POCHUTLA, OAX",1985-03-23,18:15:26,revisado
1985-03-23,13:33:12,3.8,17.16,-99.97,25.0,"21 km al NORESTE de COYUCA DE BENITEZ, GRO",1985-03-23,19:33:12,revisado
1985-03-23,20:27:35,no calculable,17.14,-94.29,33.0,"78 km al NOROESTE de CINTALAPA, CHIS",1985-03-24,02:27:35,revisado
1985-03-24,00:19:19,no calculable,16.54,-94.65,33.0,"20 km al NORESTE de UNION HIDALGO, OAX",1985-03-24,06:19:19,revisado
1985-03-24,10:49:20,4.3,16.29,-93.34,100.0,"10 km al NOROESTE de VILLAFLORES, CHIS",1985-03-24,16:49:20,revisado
1985-03-24,11:09:47,no calculable,19.96,-100.29,9.0,"18 km al NORESTE de MARAVATIO, MICH",1985-03-24,17:09:47,revisado
1985-03-24,13:30:22,no calculable,14.62,-94.24,33.0,"162 km al SUROESTE de PIJIJIAPAN, CHIS",1985-03-24,19:30:22,revisado
1985-03-24,22:08:59,no calculable,17.05,-101.75,33.0,"69 km al SUROESTE de ZIHUATANEJO, GRO",1985-03-25,04:08:59,revisado
1985-03-24,23:45:26,no calculable,13.2,-94.07,33.0,"264 km al SUROESTE de CD HIDALGO, CHIS",1985-03-25,05:45:26,revisado
1985-03-25,01:18:03,4.2,17.75,-94.82,66.0,"21 km al SURESTE de SAYULA DE ALEMAN, VER",1985-03-25,07:18:03,revisado
1985-03-25,07:35:31,no calculable,16.83,-99.7,33.0,"22 km al ESTE de ACAPULCO, GRO",1985-03-25,13:35:31,revisado
1985-03-25,22:34:02,no calculable,16.44,-98.2,33.0,"19 km al NOROESTE de PINOTEPA NACIONAL, OAX",1985-03-26,04:34:02,revisado
1985-03-25,23:09:32,no calculable,13.76,-94.36,33.0,"244 km al SUROESTE de MAPASTEPEC, CHIS",1985-03-26,05:09:32,revisado
1985-03-26,08:26:05,no calculable,31.95,-116.49,8.0,"15 km al NORESTE de ENSENADA, BC",1985-03-26,14:26:05,revisado
1985-03-26,11:58:50,no calculable,14.27,-94.62,33.0,"218 km al SUROESTE de PIJIJIAPAN, CHIS",1985-03-26,17:58:50,revisado
1985-03-26,15:31:44,no calculable,15.43,-98.0,33.0,"88 km al SUROESTE de RIO GRANDE, OAX",1985-03-26,21:31:44,revisado
1985-03-26,16:05:26,no calculable,15.78,-96.44,33.0,"5 km al NORESTE de S PEDRO POCHUTLA, OAX",1985-03-26,22:05:26,revisado
1985-03-26,18:40:47,no calculable,16.69,-99.53,50.0,"19 km al SUROESTE de SAN MARCOS, GRO",1985-03-27,00:40:47,revisado
1985-03-26,20:14:38,3.6,15.86,-98.02,33.0,"53 km al SUR de PINOTEPA NACIONAL, OAX",1985-03-27,02:14:38,revisado
1985-03-27,16:29:16,4.8,13.43,-89.97,74.0,"273 km al SURESTE de CD HIDALGO, CHIS",1985-03-27,22:29:16,revisado
1985-03-28,10:04:08,no calculable,16.37,-94.34,70.0,"49 km al NOROESTE de ARRIAGA , CHIS",1985-03-28,16:04:08,revisado
1985-03-28,20:46:53,no calculable,32.03,-116.34,8.0,"32 km al NORESTE de ENSENADA, BC",1985-03-29,02:46:53,revisado
1985-03-29,01:57:38,no calculable,17.75,-95.38,33.0,"27 km al SUR de J RODRIGUEZ CLARA, VER",1985-03-29,07:57:38,revisado
1985-03-29,07:36:06,no calculable,15.82,-94.89,33.0,"52 km al SURESTE de SALINA CRUZ, OAX",1985-03-29,13:36:06,revisado
1985-03-29,18:49:09,no calculable,17.07,-94.69,33.0,"43 km al NORESTE de MATIAS ROMERO, OAX",1985-03-30,00:49:09,revisado
1985-03-29,19:02:47,no calculable,13.56,-93.47,33.0,"189 km al SUROESTE de CD HIDALGO, CHIS",1985-03-30,01:02:47,revisado
1985-03-29,21:43:11,no calculable,14.23,-93.09,33.0,"113 km al SUROESTE de CD HIDALGO, CHIS",1985-03-30,03:43:11,revisado
1985-03-30,05:48:24,3.9,15.5,-98.52,5.0,"106 km al SUROESTE de PINOTEPA NACIONAL, OAX",1985-03-30,11:48:24,revisado
1985-03-30,12:34:57,no calculable,32.3,-113.78,8.0,"94 km al ESTE de S LUIS R COLORADO, SON",1985-03-30,18:34:57,revisado
1985-03-31,06:10:18,no calculable,17.61,-95.03,33.0,"31 km al SUR de SAYULA DE ALEMAN, VER",1985-03-31,12:10:18,revisado
1985-03-31,10:11:27,no calculable,18.78,-102.52,15.0,"38 km al SUROESTE de APATZINGAN, MICH",1985-03-31,16:11:27,revisado
1985-04-01,06:57:04,2.5,31.8,-116.01,8.0,"54 km al ESTE de RODOLFO SANCHEZ T(MRO), BC",1985-04-01,12:57:04,revisado
1985-04-01,12:31:43,no calculable,15.51,-96.43,15.0,"26 km al SUR de S PEDRO POCHUTLA, OAX",1985-04-01,18:31:43,revisado
1985-04-01,13:25:20,no calculable,15.9,-96.1,18.0,"15 km al NORTE de CRUCECITA, OAX",1985-04-01,19:25:20,revisado
1985-04-01,15:45:40,2.2,32.01,-116.31,8.0,"33 km al NORESTE de ENSENADA, BC",1985-04-01,21:45:40,revisado
1985-04-02,08:43:44,no calculable,18.66,-100.17,33.0,"27 km al SUR de TEJUPILCO, MEX",1985-04-02,14:43:44,revisado
1985-04-02,19:18:08,no calculable,18.6,-100.86,33.0,"5 km al SURESTE de HUETAMO, MICH",1985-04-03,01:18:08,revisado
1985-04-03,00:21:37,4.1,19.16,-108.65,9.0,"392 km al SUROESTE de PUERTO VALLARTA, JAL",1985-04-03,06:21:37,revisado
1985-04-03,11:46:48,no calculable,15.52,-96.77,33.0,"41 km al SUROESTE de S PEDRO POCHUTLA, OAX",1985-04-03,17:46:48,revisado
1985-04-03,19:00:56,no calculable,17.26,-94.88,122.0,"46 km al NORESTE de MATIAS ROMERO, OAX",1985-04-04,01:00:56,revisado
1985-04-03,21:18:42,no calculable,19.19,-99.53,5.0,"7 km al OESTE de SGO TIANGUISTENCO, MEX",1985-04-04,03:18:42,revisado
1985-04-03,21:19:54,no calculable,19.22,-99.54,5.0,"6 km al SUR de S MATEO ATENCO, MEX",1985-04-04,03:19:54,revisado
1985-04-04,06:33:31,no calculable,16.5,-97.85,5.0,"28 km al NORESTE de PINOTEPA NACIONAL, OAX",1985-04-04,12:33:31,revisado
1985-04-04,06:50:17,no calculable,16.04,-95.75,18.0,"51 km al NORESTE de CRUCECITA, OAX",1985-04-04,12:50:17,revisado
1985-04-04,07:57:28,5.1,14.43,-92.6,33.0,"56 km al SUROESTE de CD HIDALGO, CHIS",1985-04-04,13:57:28,revisado
1985-04-04,09:02:30,4.5,14.04,-93.24,33.0,"137 km al SUROESTE de CD HIDALGO, CHIS",1985-04-04,15:02:30,revisado
1985-04-04,10:30:38,4.6,16.29,-95.68,24.0,"47 km al OESTE de TEHUANTEPEC, OAX",1985-04-04,16:30:38,revisado
1985-04-04,17:52:30,5.0,13.16,-91.77,33.0,"173 km al SUR de CD HIDALGO, CHIS",1985-04-04,23:52:30,revisado
1985-04-04,20:46:39,no calculable,16.53,-98.28,5.0,"22 km al SURESTE de OMETEPEC, GRO",1985-04-05,02:46:39,revisado
1985-04-05,01:59:12,no calculable,17.2,-100.3,33.0,"14 km al ESTE de ATOYAC DE ALVAREZ, GRO",1985-04-05,07:59:12,revisado
1985-04-05,03:45:48,no calculable,17.75,-94.97,33.0,"15 km al SUR de SAYULA DE ALEMAN, VER",1985-04-05,09:45:48,revisado
1985-04-05,06:07:52,no calculable,16.55,-98.51,5.0,"18 km al SUROESTE de OMETEPEC, GRO",1985-04-05,12:07:52,revisado
1985-04-05,07:19:37,2.2,31.5,-115.67,16.0,"89 km al SURESTE de RODOLFO SANCHEZ T(MRO), BC",1985-04-05,13:19:37,revisado
1985-04-05,19:51:01,2.4,32.0,-116.1,28.0,"51 km al NORESTE de ENSENADA, BC",1985-04-06,01:51:01,revisado
1985-04-05,20:56:15,no calculable,15.6,-94.74,33.0,"81 km al SURESTE de SALINA CRUZ, OAX",1985-04-06,02:56:15,revisado
1985-04-05,21:32:42,2.2,31.76,-115.95,8.0,"59 km al ESTE de RODOLFO SANCHEZ T(MRO), BC",1985-04-06,03:32:42,revisado
1985-04-06,02:58:18,no calculable,18.26,-99.18,16.0,"17 km al SURESTE de CD DE HUITZUCO, GRO",1985-04-06,08:58:18,revisado
1985-04-06,04:22:39,no calculable,15.64,-94.36,33.0,"81 km al SUROESTE de TONALA, CHIS",1985-04-06,10:22:39,revisado
1985-04-06,04:37:28,no calculable,16.83,-99.54,33.0,"16 km al OESTE de SAN MARCOS, GRO",1985-04-06,10:37:28,revisado
1985-04-06,05:06:02,no calculable,20.7,-97.21,5.0,"30 km al NORESTE de PAPANTLA, VER",1985-04-06,11:06:02,revisado
1985-04-06,05:57:11,no calculable,16.75,-99.91,15.0,"13 km al SUR de ACAPULCO, GRO",1985-04-06,11:57:11,revisado
1985-04-06,11:12:39,no calculable,16.35,-99.08,5.0,"59 km al SURESTE de SAN MARCOS, GRO",1985-04-06,17:12:39,revisado
1985-04-06,18:15:08,no calculable,16.11,-94.14,32.0,"29 km al SUROESTE de ARRIAGA , CHIS",1985-04-07,00:15:08,revisado
1985-04-06,22:37:16,no calculable,16.61,-98.8,15.0,"43 km al OESTE de OMETEPEC, GRO",1985-04-07,04:37:16,revisado
1985-04-06,22:46:09,no calculable,16.17,-98.46,28.0,"48 km al SUROESTE de PINOTEPA NACIONAL, OAX",1985-04-07,04:46:09,revisado
1985-04-07,05:24:58,no calculable,16.45,-97.75,5.0,"34 km al NORESTE de PINOTEPA NACIONAL, OAX",1985-04-07,11:24:58,revisado
1985-04-07,09:00:32,no calculable,15.84,-93.44,33.0,"30 km al NOROESTE de PIJIJIAPAN, CHIS",1985-04-07,15:00:32,revisado
1985-04-07,09:14:02,no calculable,16.23,-97.39,5.0,"25 km al NORTE de RIO GRANDE, OAX",1985-04-07,15:14:02,revisado
1985-04-08,05:52:40,no calculable,16.15,-97.4,15.0,"16 km al NORTE de RIO GRANDE, OAX",1985-04-08,11:52:40,revisado
1985-04-08,08:00:30,no calculable,16.88,-100.15,15.0,"16 km al SUROESTE de COYUCA DE BENITEZ, GRO",1985-04-08,14:00:30,revisado
1985-04-08,10:07:51,no calculable,15.9,-98.01,5.0,"49 km al SUR de PINOTEPA NACIONAL, OAX",1985-04-08,16:07:51,revisado
1985-04-08,15:37:52,no calculable,16.38,-97.98,5.0,"9 km al NORESTE de PINOTEPA NACIONAL, OAX",1985-04-08,21:37:52,revisado
1985-04-08,21:21:11,2.6,31.0,-115.4,8.0,"54 km al OESTE de SAN FELIPE, BC",1985-04-09,03:21:11,revisado
1985-04-09,03:24:37,no calculable,15.67,-95.32,33.0,"58 km al SUR de SALINA CRUZ, OAX",1985-04-09,09:24:37,revisado
1985-04-09,09:34:28,4.2,13.59,-91.08,80.0,"167 km al SURESTE de CD HIDALGO, CHIS",1985-04-09,15:34:28,revisado
1985-04-09,13:19:08,no calculable,14.71,-94.51,33.0,"172 km al SUROESTE de TONALA, CHIS",1985-04-09,19:19:08,revisado
1985-04-09,14:17:35,no calculable,17.14,-99.63,15.0,"41 km al NORESTE de ACAPULCO, GRO",1985-04-09,20:17:35,revisado
1985-04-10,07:42:53,no calculable,16.19,-98.15,15.0,"20 km al SUROESTE de PINOTEPA NACIONAL, OAX",1985-04-10,13:42:53,revisado
1985-04-11,12:49:43,no calculable,15.51,-93.57,33.0,"43 km al SUROESTE de PIJIJIAPAN, CHIS",1985-04-11,18:49:43,revisado
1985-04-11,13:42:32,no calculable,15.82,-98.32,5.0,"64 km al SUROESTE de PINOTEPA NACIONAL, OAX",1985-04-11,19:42:32,revisado
1985-04-11,18:14:44,no calculable,15.9,-94.2,33.0,"49 km al SUROESTE de ARRIAGA , CHIS",1985-04-12,00:14:44,revisado
1985-04-12,03:21:30,no calculable,17.2,-94.93,140.0,"38 km al NORESTE de MATIAS ROMERO, OAX",1985-04-12,09:21:30,revisado
1985-04-12,11:15:12,no calculable,16.22,-98.05,9.0,"13 km al SUR de PINOTEPA NACIONAL, OAX",1985-04-12,17:15:12,revisado
1985-04-12,18:35:29,no calculable,13.82,-93.99,33.0,"215 km al SUROESTE de MAPASTEPEC, CHIS",1985-04-13,00:35:29,revisado
1985-04-12,23:03:30,no calculable,15.09,-95.91,33.0,"79 km al SURESTE de CRUCECITA, OAX",1985-04-13,05:03:30,revisado
1985-04-13,22:11:45,2.6,31.83,-116.34,8.0,"25 km al NORESTE de RODOLFO SANCHEZ T(MRO), BC",1985-04-14,04:11:45,revisado
1985-04-14,12:42:44,no calculable,15.13,-92.82,33.0,"35 km al SUR de MAPASTEPEC, CHIS",1985-04-14,18:42:44,revisado
1985-04-15,04:09:02,no calculable,15.14,-95.8,33.0,"78 km al SURESTE de CRUCECITA, OAX",1985-04-15,10:09:02,revisado
1985-04-15,11:05:16,no calculable,17.36,-94.61,70.0,"68 km al SUR de JALTIPAN DE MORELOS, VER",1985-04-15,17:05:16,revisado
1985-04-15,19:26:02,no calculable,17.43,-98.66,5.0,"16 km al SUROESTE de TLAPA, GRO",1985-04-16,01:26:02,revisado
1985-04-16,09:33:26,no calculable,16.65,-99.12,15.0,"33 km al SURESTE de SAN MARCOS, GRO",1985-04-16,15:33:26,revisado
1985-04-17,00:42:10,3.9,15.21,-105.53,9.0,"444 km al SUROESTE de MANZANILLO, COL",1985-04-17,06:42:10,revisado
1985-04-17,02:28:52,4.4,15.33,-105.18,9.0,"419 km al SUROESTE de CD DE ARMERIA, COL",1985-04-17,08:28:52,revisado
1985-04-17,03:49:19,4.2,15.09,-105.49,9.0,"455 km al SUROESTE de CD DE ARMERIA, COL",1985-04-17,09:49:19,revisado
1985-04-17,16:53:03,no calculable,17.35,-94.74,140.0,"62 km al NORESTE de MATIAS ROMERO, OAX",1985-04-17,22:53:03,revisado
1985-04-18,07:18:21,no calculable,18.21,-100.77,33.0,"20 km al SUROESTE de CD ALTAMIRANO, GRO",1985-04-18,13:18:21,revisado
1985-04-19,11:00:08,no calculable,15.96,-97.38,5.0,"8 km al SURESTE de RIO GRANDE, OAX",1985-04-19,17:00:08,revisado
1985-04-19,16:46:46,no calculable,15.95,-97.34,5.0,"12 km al SURESTE de RIO GRANDE, OAX",1985-04-19,22:46:46,revisado
1985-04-19,17:17:04,no calculable,13.63,-93.27,33.0,"167 km al SUROESTE de CD HIDALGO, CHIS",1985-04-19,23:17:04,revisado
1985-04-19,20:37:28,4.1,18.18,-105.18,33.0,"133 km al SUROESTE de MANZANILLO, COL",1985-04-20,02:37:28,revisado
1985-04-20,01:23:32,no calculable,19.32,-98.75,2.0,"10 km al NORESTE de S MARTIN CUAUTLALPAN, MEX",1985-04-20,07:23:32,revisado
1985-04-20,04:03:27,no calculable,14.71,-92.81,33.0,"60 km al SUROESTE de HUIXTLA, CHIS",1985-04-20,10:03:27,revisado
1985-04-20,05:57:50,no calculable,14.76,-93.38,33.0,"92 km al SUROESTE de MAPASTEPEC, CHIS",1985-04-20,11:57:50,revisado
1985-04-20,07:19:10,no calculable,13.86,-92.56,33.0,"101 km al SUROESTE de CD HIDALGO, CHIS",1985-04-20,13:19:10,revisado
1985-04-21,05:35:30,no calculable,17.02,-99.02,15.0,"47 km al NORESTE de SAN MARCOS, GRO",1985-04-21,11:35:30,revisado
1985-04-21,06:41:37,no calculable,17.8,-101.5,15.0,"18 km al NORESTE de ZIHUATANEJO, GRO",1985-04-21,12:41:37,revisado
1985-04-21,12:01:11,no calculable,16.7,-99.8,5.0,"22 km al SURESTE de ACAPULCO, GRO",1985-04-21,18:01:11,revisado
1985-04-21,15:00:18,no calculable,16.6,-99.9,5.0,"30 km al SUR de ACAPULCO, GRO",1985-04-21,21:00:18,revisado
1985-04-21,17:24:22,no calculable,15.33,-96.78,15.0,"57 km al SUROESTE de S PEDRO POCHUTLA, OAX",1985-04-21,23:24:22,revisado
1985-04-21,22:44:21,no calculable,17.6,-98.55,23.0,"7 km al NORESTE de TLAPA, GRO",1985-04-22,04:44:21,revisado
1985-04-22,00:39:59,no calculable,16.94,-100.13,33.0,"9 km al SUROESTE de COYUCA DE BENITEZ, GRO",1985-04-22,06:39:59,revisado
1985-04-22,02:05:48,no calculable,16.65,-100.08,33.0,"31 km al SUROESTE de ACAPULCO, GRO",1985-04-22,08:05:48,revisado
1985-04-22,07:38:49,no calculable,17.35,-101.54,5.0,"33 km al SUR de ZIHUATANEJO, GRO",1985-04-22,13:38:49,revisado
1985-04-22,10:00:12,no calculable,16.4,-99.75,5.0,"54 km al SURESTE de ACAPULCO, GRO",1985-04-22,16:00:12,revisado
1985-04-22,13:49:37,no calculable,16.15,-97.5,9.0,"17 km al NOROESTE de RIO GRANDE, OAX",1985-04-22,19:49:37,revisado
1985-04-23,03:13:11,no calculable,16.0,-98.38,5.0,"52 km al SUROESTE de PINOTEPA NACIONAL, OAX",1985-04-23,09:13:11,revisado
1985-04-23,07:38:52,no calculable,17.14,-101.44,33.0,"47 km al SUROESTE de PETATLAN, GRO",1985-04-23,13:38:52,revisado
1985-04-23,09:16:22,4.8,13.57,-88.67,36.0,"395 km al SURESTE de CD HIDALGO, CHIS",1985-04-23,15:16:22,revisado
1985-04-24,09:10:51,no calculable,16.38,-94.45,100.0,"42 km al ESTE de UNION HIDALGO, OAX",1985-04-24,15:10:51,revisado
1985-04-24,18:47:51,no calculable,16.08,-97.68,5.0,"27 km al NOROESTE de RIO GRANDE, OAX",1985-04-25,00:47:51,revisado
1985-04-25,13:20:41,no calculable,14.29,-93.83,33.0,"162 km al SUROESTE de MAPASTEPEC, CHIS",1985-04-25,19:20:41,revisado
1985-04-25,17:16:45,no calculable,16.12,-96.27,5.0,"41 km al NOROESTE de CRUCECITA, OAX",1985-04-25,23:16:45,revisado
1985-04-25,19:45:46,no calculable,16.9,-100.31,25.0,"26 km al SUROESTE de COYUCA DE BENITEZ, GRO",1985-04-26,01:45:46,revisado
1985-04-26,06:14:25,no calculable,13.98,-90.1,33.0,"234 km al SURESTE de CD HIDALGO, CHIS",1985-04-26,12:14:25,revisado
1985-04-26,08:26:34,no calculable,17.16,-94.53,197.0,"63 km al NORESTE de MATIAS ROMERO, OAX",1985-04-26,14:26:34,revisado
1985-04-26,22:30:04,no calculable,17.48,-101.68,33.0,"23 km al SUROESTE de ZIHUATANEJO, GRO",1985-04-27,04:30:04,revisado
1985-04-27,13:01:15,no calculable,16.01,-97.95,5.0,"38 km al SURESTE de PINOTEPA NACIONAL, OAX",1985-04-27,19:01:15,revisado
1985-04-27,16:02:15,no calculable,16.01,-98.0,5.0,"37 km al SUR de PINOTEPA NACIONAL, OAX",1985-04-27,22:02:15,revisado
1985-04-28,06:29:41,no calculable,15.55,-95.55,64.0,"67 km al SURESTE de CRUCECITA, OAX",1985-04-28,12:29:41,revisado
1985-04-29,20:16:05,no calculable,15.85,-97.12,33.0,"6 km al OESTE de PUERTO ESCONDIDO, OAX",1985-04-30,02:16:05,revisado
1985-04-30,00:20:53,no calculable,16.81,-95.52,142.0,"51 km al OESTE de MATIAS ROMERO, OAX",1985-04-30,06:20:53,revisado
1985-04-30,06:32:11,no calculable,16.66,-99.92,33.0,"23 km al SUR de ACAPULCO, GRO",1985-04-30,12:32:11,revisado
1985-04-30,10:02:32,no calculable,20.17,-99.11,5.0,"12 km al SURESTE de PROGRESO, HGO",1985-04-30,16:02:32,revisado
1985-04-30,13:27:47,no calculable,15.64,-97.24,15.0,"31 km al SUROESTE de PUERTO ESCONDIDO, OAX",1985-04-30,19:27:47,revisado
1985-04-30,13:42:55,no calculable,18.08,-99.07,33.0,"37 km al SURESTE de CD DE HUITZUCO, GRO",1985-04-30,19:42:55,revisado
1985-04-30,18:35:17,no calculable,16.3,-97.45,9.0,"32 km al NORTE de RIO GRANDE, OAX",1985-05-01,00:35:17,revisado
1985-04-30,20:06:18,no calculable,16.26,-97.98,5.0,"12 km al SURESTE de PINOTEPA NACIONAL, OAX",1985-05-01,02:06:18,revisado
1985-05-01,00:16:00,no calculable,15.26,-95.64,70.0,"77 km al SURESTE de CRUCECITA, OAX",1985-05-01,06:16:00,revisado
1985-05-01,04:01:37,no calculable,15.94,-95.98,15.0,"25 km al NORESTE de CRUCECITA, OAX",1985-05-01,10:01:37,revisado
1985-05-01,06:15:50,no calculable,17.93,-100.22,33.0,"43 km al SUR de ARCELIA, GRO",1985-05-01,12:15:50,revisado
1985-05-01,12:41:30,no calculable,13.94,-94.22,33.0,"219 km al SUROESTE de MAPASTEPEC, CHIS",1985-05-01,18:41:30,revisado
1985-05-01,15:18:20,no calculable,16.94,-94.64,80.0,"43 km al ESTE de MATIAS ROMERO, OAX",1985-05-01,21:18:20,revisado
1985-05-01,15:57:38,no calculable,16.19,-97.73,9.0,"37 km al NOROESTE de RIO GRANDE, OAX",1985-05-01,21:57:38,revisado
1985-05-02,02:40:45,no calculable,14.06,-94.42,33.0,"222 km al SUROESTE de PIJIJIAPAN, CHIS",1985-05-02,08:40:45,revisado
1985-05-02,04:05:27,no calculable,15.64,-99.11,15.0,"131 km al SUR de SAN MARCOS, GRO",1985-05-02,10:05:27,revisado
1985-05-03,01:42:34,no calculable,16.04,-97.24,15.0,"21 km al ESTE de RIO GRANDE, OAX",1985-05-03,07:42:34,revisado
1985-05-03,13:43:17,no calculable,15.59,-94.13,33.0,"68 km al SUROESTE de TONALA, CHIS",1985-05-03,19:43:17,revisado
1985-05-03,17:09:56,no calculable,16.0,-95.68,15.0,"55 km al NORESTE de CRUCECITA, OAX",1985-05-03,23:09:56,revisado
1985-05-03,17:42:43,no calculable,15.32,-94.73,33.0,"108 km al SURESTE de SALINA CRUZ, OAX",1985-05-03,23:42:43,revisado
1985-05-04,06:47:07,4.7,16.38,-113.06,9.0,"792 km al SUROESTE de CABO SAN LUCAS, BCS",1985-05-04,12:47:07,revisado
1985-05-04,11:31:34,no calculable,17.04,-94.2,33.0,"64 km al NOROESTE de CINTALAPA, CHIS",1985-05-04,17:31:34,revisado
1985-05-04,21:52:03,no calculable,18.01,-95.55,70.0,"3 km al SUROESTE de ISLA, VER",1985-05-05,03:52:03,revisado
1985-05-04,23:55:55,no calculable,17.87,-95.56,70.0,"18 km al SUR de ISLA, VER",1985-05-05,05:55:55,revisado
1985-05-05,14:04:05,no calculable,18.14,-94.19,15.0,"5 km al OESTE de AGUA DULCE, VER",1985-05-05,20:04:05,revisado
1985-05-05,15:22:49,no calculable,16.21,-97.82,5.0,"29 km al SURESTE de PINOTEPA NACIONAL, OAX",1985-05-05,21:22:49,revisado
1985-05-05,19:13:12,4.8,16.05,-98.46,33.0,"54 km al SUROESTE de PINOTEPA NACIONAL, OAX",1985-05-06,01:13:12,revisado
1985-05-05,22:13:18,no calculable,15.78,-93.35,140.0,"18 km al NOROESTE de PIJIJIAPAN, CHIS",1985-05-06,04:13:18,revisado
1985-05-06,02:34:36,no calculable,16.14,-94.15,33.0,"29 km al SUROESTE de ARRIAGA , CHIS",1985-05-06,08:34:36,revisado
1985-05-06,04:06:26,no calculable,16.84,-95.0,70.0,"6 km al SURESTE de MATIAS ROMERO, OAX",1985-05-06,10:06:26,revisado
1985-05-06,06:36:40,no calculable,16.41,-95.05,104.0,"4 km al SUROESTE de JUCHITAN DE ZARAGOZA, OAX",1985-05-06,12:36:40,revisado
1985-05-06,09:53:53,no calculable,17.45,-94.66,152.0,"57 km al SUR de JALTIPAN DE MORELOS, VER",1985-05-06,15:53:53,revisado
1985-05-07,02:00:23,4.5,15.18,-94.76,15.0,"120 km al SURESTE de SALINA CRUZ, OAX",1985-05-07,08:00:23,revisado
1985-05-07,03:11:19,no calculable,15.58,-95.6,33.0,"61 km al SURESTE de CRUCECITA, OAX",1985-05-07,09:11:19,revisado
1985-05-07,08:02:47,no calculable,16.15,-97.96,5.0,"23 km al SURESTE de PINOTEPA NACIONAL, OAX",1985-05-07,14:02:47,revisado
1985-05-07,18:54:15,no calculable,15.27,-92.91,33.0,"19 km al SUR de MAPASTEPEC, CHIS",1985-05-08,00:54:15,revisado
1985-05-08,03:20:57,2.5,31.98,-115.84,8.0,"74 km al ESTE de ENSENADA, BC",1985-05-08,09:20:57,revisado
1985-05-08,03:23:13,2.4,32.3,-115.86,8.0,"45 km al SUROESTE de SANTA ISABEL, BC",1985-05-08,09:23:13,revisado
1985-05-08,03:43:45,no calculable,16.15,-95.8,15.0,"55 km al NORESTE de CRUCECITA, OAX",1985-05-08,09:43:45,revisado
1985-05-08,07:35:58,no calculable,16.02,-94.71,120.0,"52 km al SUR de UNION HIDALGO, OAX",1985-05-08,13:35:58,revisado
1985-05-08,13:23:21,no calculable,15.36,-95.6,33.0,"73 km al SURESTE de CRUCECITA, OAX",1985-05-08,19:23:21,revisado
1985-05-08,17:40:18,5.1,31.77,-115.82,6.0,"71 km al ESTE de RODOLFO SANCHEZ T(MRO), BC",1985-05-08,23:40:18,revisado
1985-05-08,17:51:45,3.6,31.8,-115.9,8.0,"64 km al ESTE de RODOLFO SANCHEZ T(MRO), BC",1985-05-08,23:51:45,revisado
1985-05-08,18:00:34,2.5,31.83,-115.9,8.0,"65 km al ESTE de RODOLFO SANCHEZ T(MRO), BC",1985-05-09,00:00:34,revisado
1985-05-08,18:24:13,2.8,31.7,-115.8,8.0,"73 km al ESTE de RODOLFO SANCHEZ T(MRO), BC",1985-05-09,00:24:13,revisado
1985-05-08,19:31:38,2.7,31.84,-115.95,8.0,"60 km al ESTE de RODOLFO SANCHEZ T(MRO), BC",1985-05-09,01:31:38,revisado
1985-05-08,21:15:22,no calculable,16.31,-99.35,15.0,"54 km al SUR de SAN MARCOS, GRO",1985-05-09,03:15:22,revisado
1985-05-08,21:23:39,2.8,31.82,-115.9,8.0,"64 km al ESTE de RODOLFO SANCHEZ T(MRO), BC",1985-05-09,03:23:39,revisado
1985-05-08,22:48:45,2.5,31.82,-115.82,8.0,"72 km al ESTE de RODOLFO SANCHEZ T(MRO), BC",1985-05-09,04:48:45,revisado
1985-05-08,22:49:16,2.6,31.85,-115.87,8.0,"68 km al ESTE de RODOLFO SANCHEZ T(MRO), BC",1985-05-09,04:49:16,revisado
1985-05-09,00:42:42,no calculable,15.0,-93.03,33.0,"51 km al SUROESTE de MAPASTEPEC, CHIS",1985-05-09,06:42:42,revisado
1985-05-09,02:00:25,no calculable,14.28,-93.84,33.0,"164 km al SUROESTE de MAPASTEPEC, CHIS",1985-05-09,08:00:25,revisado
1985-05-09,03:49:48,no calculable,14.34,-93.88,33.0,"162 km al SUROESTE de MAPASTEPEC, CHIS",1985-05-09,09:49:48,revisado
1985-05-09,04:33:21,no calculable,15.8,-97.35,33.0,"25 km al SURESTE de RIO GRANDE, OAX",1985-05-09,10:33:21,revisado
1985-05-09,04:56:34,no calculable,14.41,-93.4,33.0,"126 km al SUROESTE de MAPASTEPEC, CHIS",1985-05-09,10:56:34,revisado
1985-05-09,05:19:04,no calculable,16.35,-92.49,33.0,"8 km al ESTE de VENUSTIANO CARRANZA, CHIS",1985-05-09,11:19:04,revisado
1985-05-09,05:42:28,no calculable,15.64,-94.11,80.0,"62 km al SUROESTE de TONALA, CHIS",1985-05-09,11:42:28,revisado
1985-05-09,06:22:51,no calculable,17.26,-94.53,120.0,"69 km al NORESTE de MATIAS ROMERO, OAX",1985-05-09,12:22:51,revisado
1985-05-09,06:34:30,no calculable,17.9,-94.78,70.0,"10 km al SUROESTE de JALTIPAN DE MORELOS, VER",1985-05-09,12:34:30,revisado
1985-05-09,06:35:23,2.5,31.81,-115.9,8.0,"64 km al ESTE de RODOLFO SANCHEZ T(MRO), BC",1985-05-09,12:35:23,revisado
1985-05-09,14:27:53,no calculable,16.94,-95.19,70.0,"17 km al NOROESTE de MATIAS ROMERO, OAX",1985-05-09,20:27:53,revisado
1985-05-09,15:42:58,no calculable,15.29,-95.22,25.0,"99 km al SUR de SALINA CRUZ, OAX",1985-05-09,21:42:58,revisado
1985-05-09,16:25:26,no calculable,17.25,-94.08,140.0,"72 km al NOROESTE de CINTALAPA, CHIS",1985-05-09,22:25:26,revisado
1985-05-09,16:57:20,4.9,13.68,-93.04,33.0,"146 km al SUROESTE de CD HIDALGO, CHIS",1985-05-09,22:57:20,revisado
1985-05-09,23:39:40,3.2,31.83,-115.8,8.0,"74 km al ESTE de RODOLFO SANCHEZ T(MRO), BC",1985-05-10,05:39:40,revisado
1985-05-09,23:41:20,2.7,31.83,-115.73,8.0,"78 km al SUROESTE de GPE VICTORIA(KM.43), BC",1985-05-10,05:41:20,revisado
1985-05-10,00:18:11,2.2,31.85,-115.83,8.0,"71 km al ESTE de RODOLFO SANCHEZ T(MRO), BC",1985-05-10,06:18:11,revisado
1985-05-10,02:01:01,2.4,31.85,-115.83,8.0,"71 km al ESTE de RODOLFO SANCHEZ T(MRO), BC",1985-05-10,08:01:01,revisado
1985-05-10,02:11:21,4.4,16.21,-95.63,33.0,"44 km al SUROESTE de TEHUANTEPEC, OAX",1985-05-10,08:11:21,revisado
1985-05-10,12:25:31,no calculable,16.02,-95.74,33.0,"51 km al NORESTE de CRUCECITA, OAX",1985-05-10,18:25:31,revisado
1985-05-10,15:54:10,2.3,31.87,-115.8,8.0,"75 km al ESTE de RODOLFO SANCHEZ T(MRO), BC",1985-05-10,21:54:10,revisado
1985-05-10,16:13:28,2.4,31.87,-115.75,8.0,"77 km al SUROESTE de GPE VICTORIA(KM.43), BC",1985-05-10,22:13:28,revisado
1985-05-10,20:22:42,2.5,31.84,-115.8,8.0,"74 km al ESTE de RODOLFO SANCHEZ T(MRO), BC",1985-05-11,02:22:42,revisado
1985-05-10,20:35:02,2.4,31.84,-115.8,8.0,"74 km al ESTE de RODOLFO SANCHEZ T(MRO), BC",1985-05-11,02:35:02,revisado
1985-05-10,21:35:37,2.3,31.85,-115.8,8.0,"74 km al ESTE de RODOLFO SANCHEZ T(MRO), BC",1985-05-11,03:35:37,revisado
1985-05-10,23:48:42,no calculable,16.5,-97.63,5.0,"48 km al NORESTE de PINOTEPA NACIONAL, OAX",1985-05-11,05:48:42,revisado
1985-05-11,05:47:52,2.3,31.84,-115.8,8.0,"74 km al ESTE de RODOLFO SANCHEZ T(MRO), BC",1985-05-11,11:47:52,revisado
1985-05-11,05:56:56,2.4,31.8,-115.8,8.0,"73 km al ESTE de RODOLFO SANCHEZ T(MRO), BC",1985-05-11,11:56:56,revisado
1985-05-11,06:45:19,no calculable,17.71,-94.26,70.0,"28 km al SUROESTE de LAS CHOAPAS, VER",1985-05-11,12:45:19,revisado
1985-05-11,07:31:13,no calculable,15.65,-98.52,15.0,"91 km al SUROESTE de PINOTEPA NACIONAL, OAX",1985-05-11,13:31:13,revisado
1985-05-11,09:44:50,no calculable,14.09,-94.35,33.0,"215 km al SUROESTE de PIJIJIAPAN, CHIS",1985-05-11,15:44:50,revisado
1985-05-11,11:03:37,no calculable,17.28,-100.65,5.0,"7 km al NOROESTE de TECPAN, GRO",1985-05-11,17:03:37,revisado
1985-05-11,12:57:03,no calculable,16.76,-99.43,33.0,"6 km al SUROESTE de SAN MARCOS, GRO",1985-05-11,18:57:03,revisado
1985-05-11,17:59:57,no calculable,19.0,-104.7,9.0,"30 km al SUROESTE de CIHUATLAN, JAL",1985-05-11,23:59:57,revisado
1985-05-12,02:50:16,no calculable,16.0,-97.74,33.0,"33 km al OESTE de RIO GRANDE, OAX",1985-05-12,08:50:16,revisado
1985-05-12,11:45:07,no calculable,18.63,-100.44,33.0,"38 km al NORESTE de CD ALTAMIRANO, GRO",1985-05-12,17:45:07,revisado
1985-05-12,22:13:07,no calculable,13.0,-91.22,33.0,"211 km al SURESTE de CD HIDALGO, CHIS",1985-05-13,04:13:07,revisado
1985-05-13,15:14:19,no calculable,14.44,-93.86,15.0,"152 km al SUROESTE de MAPASTEPEC, CHIS",1985-05-13,21:14:19,revisado
1985-05-13,15:30:20,no calculable,15.19,-94.23,33.0,"111 km al SUROESTE de TONALA, CHIS",1985-05-13,21:30:20,revisado
1985-05-13,16:14:31,no calculable,13.85,-92.3,33.0,"93 km al SUR de CD HIDALGO, CHIS",1985-05-13,22:14:31,revisado
1985-05-14,10:42:46,no calculable,14.01,-93.21,33.0,"136 km al SUROESTE de CD HIDALGO, CHIS",1985-05-14,16:42:46,revisado
1985-05-14,19:42:36,no calculable,15.73,-94.75,15.0,"69 km al SURESTE de SALINA CRUZ, OAX",1985-05-15,01:42:36,revisado
1985-05-15,05:10:52,no calculable,15.85,-95.42,33.0,"44 km al SUROESTE de SALINA CRUZ, OAX",1985-05-15,11:10:52,revisado
1985-05-15,08:42:00,no calculable,14.14,-94.23,33.0,"203 km al SUROESTE de PIJIJIAPAN, CHIS",1985-05-15,14:42:00,revisado
1985-05-15,09:56:53,no calculable,14.74,-92.42,33.0,"25 km al SUROESTE de TAPACHULA, CHIS",1985-05-15,15:56:53,revisado
1985-05-15,13:09:56,no calculable,18.83,-103.4,15.0,"26 km al OESTE de COALCOMAN, MICH",1985-05-15,19:09:56,revisado
1985-05-16,02:41:58,no calculable,16.34,-97.56,15.0,"39 km al NOROESTE de RIO GRANDE, OAX",1985-05-16,08:41:58,revisado
1985-05-16,03:05:37,2.4,31.95,-115.94,8.0,"64 km al ESTE de ENSENADA, BC",1985-05-16,09:05:37,revisado
1985-05-16,10:41:40,no calculable,15.16,-91.83,33.0,"41 km al NORESTE de CACAHOATAN, CHIS",1985-05-16,16:41:40,revisado
1985-05-16,22:39:27,no calculable,15.56,-98.39,33.0,"94 km al SUROESTE de PINOTEPA NACIONAL, OAX",1985-05-17,04:39:27,revisado
1985-05-16,23:15:07,no calculable,17.92,-94.87,70.0,"3 km al SURESTE de OLUTA, VER",1985-05-17,05:15:07,revisado
1985-05-17,02:20:13,no calculable,15.74,-93.87,70.0,"40 km al SUROESTE de TONALA, CHIS",1985-05-17,08:20:13,revisado
1985-05-17,06:10:25,no calculable,17.56,-94.63,120.0,"46 km al SUR de JALTIPAN DE MORELOS, VER",1985-05-17,12:10:25,revisado
1985-05-17,21:41:46,2.5,31.74,-115.47,8.0,"70 km al SUROESTE de GPE VICTORIA(KM.43), BC",1985-05-18,03:41:46,revisado
1985-05-17,23:57:40,2.5,31.95,-116.3,8.0,"31 km al NORESTE de ENSENADA, BC",1985-05-18,05:57:40,revisado
1985-05-18,04:46:14,no calculable,16.14,-97.52,33.0,"17 km al NOROESTE de RIO GRANDE, OAX",1985-05-18,10:46:14,revisado
1985-05-18,06:47:17,2.7,31.82,-115.84,8.0,"70 km al ESTE de RODOLFO SANCHEZ T(MRO), BC",1985-05-18,12:47:17,revisado
1985-05-18,08:12:54,no calculable,16.0,-97.3,33.0,"14 km al ESTE de RIO GRANDE, OAX",1985-05-18,14:12:54,revisado
1985-05-18,16:08:42,4.8,14.27,-92.14,80.0,"45 km al SUR de CD HIDALGO, CHIS",1985-05-18,22:08:42,revisado
1985-05-18,19:28:46,no calculable,16.95,-100.21,9.0,"14 km al SUROESTE de COYUCA DE BENITEZ, GRO",1985-05-19,01:28:46,revisado
1985-05-19,05:12:23,no calculable,17.08,-94.66,100.0,"47 km al NORESTE de MATIAS ROMERO, OAX",1985-05-19,11:12:23,revisado
1985-05-19,06:48:21,no calculable,17.45,-94.56,127.0,"59 km al SURESTE de JALTIPAN DE MORELOS, VER",1985-05-19,12:48:21,revisado
1985-05-19,13:23:46,no calculable,17.84,-94.96,70.0,"5 km al SUR de SAYULA DE ALEMAN, VER",1985-05-19,19:23:46,revisado
1985-05-19,16:14:18,2.5,31.85,-115.84,8.0,"71 km al ESTE de RODOLFO SANCHEZ T(MRO), BC",1985-05-19,22:14:18,revisado
1985-05-19,20:53:56,2.9,31.85,-115.87,8.0,"68 km al ESTE de RODOLFO SANCHEZ T(MRO), BC",1985-05-20,02:53:56,revisado
1985-05-20,09:24:49,no calculable,16.12,-95.7,33.0,"54 km al SUROESTE de TEHUANTEPEC, OAX",1985-05-20,15:24:49,revisado
1985-05-20,15:56:45,2.4,31.84,-115.95,8.0,"60 km al ESTE de RODOLFO SANCHEZ T(MRO), BC",1985-05-20,21:56:45,revisado
1985-05-21,04:30:55,3.7,17.32,-101.4,33.0,"27 km al SUROESTE de PETATLAN, GRO",1985-05-21,10:30:55,revisado
1985-05-21,11:10:13,no calculable,16.68,-93.86,33.0,"15 km al OESTE de CINTALAPA, CHIS",1985-05-21,17:10:13,revisado
1985-05-21,13:41:52,no calculable,15.45,-98.85,33.0,"130 km al SUROESTE de PINOTEPA NACIONAL, OAX",1985-05-21,19:41:52,revisado
1985-05-21,17:22:18,no calculable,17.47,-94.76,120.0,"50 km al SURESTE de SAYULA DE ALEMAN, VER",1985-05-21,23:22:18,revisado
1985-05-21,20:38:18,2.6,31.84,-115.9,8.0,"65 km al ESTE de RODOLFO SANCHEZ T(MRO), BC",1985-05-22,02:38:18,revisado
1985-05-22,00:22:59,no calculable,15.79,-95.33,33.0,"46 km al SUROESTE de SALINA CRUZ, OAX",1985-05-22,06:22:59,revisado
1985-05-22,04:10:39,2.5,31.9,-115.9,8.0,"66 km al NORESTE de RODOLFO SANCHEZ T(MRO), BC",1985-05-22,10:10:39,revisado
1985-05-22,04:12:07,2.5,31.9,-115.75,8.0,"75 km al SUROESTE de GPE VICTORIA(KM.43), BC",1985-05-22,10:12:07,revisado
1985-05-22,05:27:55,no calculable,17.16,-94.36,120.0,"79 km al NORESTE de MATIAS ROMERO, OAX",1985-05-22,11:27:55,revisado
1985-05-22,11:11:05,no calculable,17.83,-95.49,70.0,"20 km al SUROESTE de J RODRIGUEZ CLARA, VER",1985-05-22,17:11:05,revisado
1985-05-22,18:37:44,no calculable,17.86,-101.1,33.0,"40 km al NORESTE de PETATLAN, GRO",1985-05-23,00:37:44,revisado
1985-05-22,20:14:48,no calculable,17.74,-101.59,33.0,"11 km al NOROESTE de ZIHUATANEJO, GRO",1985-05-23,02:14:48,revisado
1985-05-22,21:18:43,no calculable,16.06,-95.59,33.0,"44 km al SUROESTE de SALINA CRUZ, OAX",1985-05-23,03:18:43,revisado
1985-05-23,00:09:05,2.1,32.2,-115.75,8.0,"51 km al SUROESTE de SANTA ISABEL, BC",1985-05-23,06:09:05,revisado
1985-05-23,03:24:56,4.5,16.62,-91.57,100.0,"55 km al NORESTE de LAS MARGARITAS, CHIS",1985-05-23,09:24:56,revisado
1985-05-23,15:06:55,2.2,31.6,-116.2,8.0,"38 km al SURESTE de RODOLFO SANCHEZ T(MRO), BC",1985-05-23,21:06:55,revisado
1985-05-23,17:39:41,no calculable,15.48,-98.42,33.0,"103 km al SUROESTE de PINOTEPA NACIONAL, OAX",1985-05-23,23:39:41,revisado
1985-05-23,17:47:17,no calculable,14.98,-98.45,33.0,"156 km al SUROESTE de PINOTEPA NACIONAL, OAX",1985-05-23,23:47:17,revisado
1985-05-23,17:51:55,no calculable,14.89,-98.47,33.0,"166 km al SUROESTE de RIO GRANDE, OAX",1985-05-23,23:51:55,revisado
1985-05-23,17:53:17,no calculable,14.88,-98.44,33.0,"165 km al SUROESTE de RIO GRANDE, OAX",1985-05-23,23:53:17,revisado
1985-05-23,22:07:31,no calculable,13.72,-92.2,33.0,"106 km al SUR de CD HIDALGO, CHIS",1985-05-24,04:07:31,revisado
1985-05-23,22:09:11,2.3,32.1,-115.64,8.0,"55 km al SUROESTE de GPE VICTORIA(KM.43), BC",1985-05-24,04:09:11,revisado
1985-05-24,02:32:50,2.4,31.85,-115.75,8.0,"78 km al SUROESTE de GPE VICTORIA(KM.43), BC",1985-05-24,08:32:50,revisado
1985-05-24,03:25:30,no calculable,17.92,-98.03,9.0,"30 km al NOROESTE de H HUAJUAPAN DE LEON, OAX",1985-05-24,09:25:30,revisado
1985-05-24,06:02:59,4.6,16.73,-95.43,61.0,"40 km al NOROESTE de CD IXTEPEC, OAX",1985-05-24,12:02:59,revisado
1985-05-24,08:25:05,no calculable,15.38,-96.42,33.0,"41 km al SUR de S PEDRO POCHUTLA, OAX",1985-05-24,14:25:05,revisado
1985-05-25,04:42:55,2.8,31.85,-115.87,8.0,"68 km al ESTE de RODOLFO SANCHEZ T(MRO), BC",1985-05-25,10:42:55,revisado
1985-05-25,16:08:53,no calculable,15.34,-97.68,33.0,"79 km al SUROESTE de RIO GRANDE, OAX",1985-05-25,22:08:53,revisado
1985-05-25,19:31:57,no calculable,13.4,-92.02,33.0,"142 km al SUR de CD HIDALGO, CHIS",1985-05-26,01:31:57,revisado
1985-05-25,23:38:15,no calculable,16.12,-93.64,70.0,"13 km al NORESTE de TONALA, CHIS",1985-05-26,05:38:15,revisado
1985-05-25,23:59:42,no calculable,16.7,-99.41,33.0,"11 km al SUR de SAN MARCOS, GRO",1985-05-26,05:59:42,revisado
1985-05-26,01:44:43,no calculable,17.44,-95.69,70.0,"67 km al SUR de ISLA, VER",1985-05-26,07:44:43,revisado
1985-05-26,02:39:45,2.5,31.84,-115.84,8.0,"70 km al ESTE de RODOLFO SANCHEZ T(MRO), BC",1985-05-26,08:39:45,revisado
1985-05-26,07:10:22,no calculable,15.51,-93.28,70.0,"21 km al SUROESTE de PIJIJIAPAN, CHIS",1985-05-26,13:10:22,revisado
1985-05-26,10:40:52,no calculable,16.7,-99.52,5.0,"17 km al SUROESTE de SAN MARCOS, GRO",1985-05-26,16:40:52,revisado
1985-05-26,17:17:54,no calculable,16.89,-100.09,33.0,"13 km al SUR de COYUCA DE BENITEZ, GRO",1985-05-26,23:17:54,revisado
1985-05-26,18:20:22,no calculable,16.75,-99.89,15.0,"13 km al SUR de ACAPULCO, GRO",1985-05-27,00:20:22,revisado
1985-05-26,19:14:30,no calculable,16.29,-95.87,9.0,"64 km al NORESTE de CRUCECITA, OAX",1985-05-27,01:14:30,revisado
1985-05-27,06:40:59,4.3,14.22,-92.99,33.0,"104 km al SUROESTE de CD HIDALGO, CHIS",1985-05-27,12:40:59,revisado
1985-05-27,12:13:43,no calculable,13.4,-90.45,33.0,"232 km al SURESTE de CD HIDALGO, CHIS",1985-05-27,18:13:43,revisado
1985-05-27,19:38:09,2.7,31.9,-115.89,8.0,"67 km al NORESTE de RODOLFO SANCHEZ T(MRO), BC",1985-05-28,01:38:09,revisado
1985-05-28,04:03:44,no calculable,14.54,-92.86,33.0,"76 km al SUROESTE de TAPACHULA, CHIS",1985-05-28,10:03:44,revisado
1985-05-28,13:27:36,5.2,18.94,-102.98,15.0,"26 km al NORESTE de COALCOMAN, MICH",1985-05-28,19:27:36,revisado
1985-05-29,23:29:03,no calculable,16.74,-94.34,96.0,"60 km al NORESTE de UNION HIDALGO, OAX",1985-05-30,05:29:03,revisado
1985-05-30,07:49:12,no calculable,16.3,-96.2,15.0,"42 km al ESTE de MIAHUATLAN, OAX",1985-05-30,13:49:12,revisado
1985-05-30,14:15:04,no calculable,17.17,-92.34,33.0,"1 km al OESTE de YAJALON, CHIS",1985-05-30,20:15:04,revisado
1985-05-31,00:00:03,4.7,15.5,-93.27,33.0,"22 km al SUROESTE de PIJIJIAPAN, CHIS",1985-05-31,06:00:03,revisado
1985-05-31,01:23:50,2.6,31.7,-115.91,8.0,"63 km al ESTE de RODOLFO SANCHEZ T(MRO), BC",1985-05-31,07:23:50,revisado
1985-05-31,01:55:03,no calculable,15.54,-96.73,33.0,"36 km al SUROESTE de S PEDRO POCHUTLA, OAX",1985-05-31,07:55:03,revisado
1985-05-31,05:30:31,2.8,31.75,-115.84,8.0,"69 km al ESTE de RODOLFO SANCHEZ T(MRO), BC",1985-05-31,11:30:31,revisado
1985-05-31,11:49:40,no calculable,15.56,-93.24,70.0,"14 km al SUR de PIJIJIAPAN, CHIS",1985-05-31,17:49:40,revisado
1985-05-31,19:16:11,2.3,31.89,-116.08,8.0,"50 km al NORESTE de RODOLFO SANCHEZ T(MRO), BC",1985-06-01,01:16:11,revisado
1985-06-01,02:04:25,2.6,31.9,-115.85,8.0,"71 km al NORESTE de RODOLFO SANCHEZ T(MRO), BC",1985-06-01,08:04:25,revisado
1985-06-01,02:14:56,no calculable,17.15,-101.42,33.0,"46 km al SUROESTE de PETATLAN, GRO",1985-06-01,08:14:56,revisado
1985-06-01,02:18:50,no calculable,16.01,-90.79,33.0,"132 km al SURESTE de LAS MARGARITAS, CHIS",1985-06-01,08:18:50,revisado
1985-06-01,02:51:37,no calculable,14.43,-92.51,33.0,"47 km al SUROESTE de CD HIDALGO, CHIS",1985-06-01,08:51:37,revisado
1985-06-01,03:12:06,no calculable,15.01,-92.31,33.0,"12 km al NOROESTE de TAPACHULA, CHIS",1985-06-01,09:12:06,revisado
1985-06-01,21:10:29,4.6,13.43,-92.01,33.0,"139 km al SUR de CD HIDALGO, CHIS",1985-06-02,03:10:29,revisado
1985-06-01,21:15:33,no calculable,17.87,-102.67,5.0,"40 km al SUROESTE de LA MIRA, MICH",1985-06-02,03:15:33,revisado
1985-06-02,00:37:41,5.0,14.6,-92.43,33.0,"31 km al SUROESTE de CD HIDALGO, CHIS",1985-06-02,06:37:41,revisado
1985-06-02,02:35:15,no calculable,14.73,-92.32,100.0,"19 km al NOROESTE de CD HIDALGO, CHIS",1985-06-02,08:35:15,revisado
1985-06-02,05:02:44,no calculable,16.34,-91.3,70.0,"73 km al ESTE de LAS MARGARITAS, CHIS",1985-06-02,11:02:44,revisado
1985-06-02,08:55:41,no calculable,16.32,-97.31,33.0,"37 km al NORESTE de RIO GRANDE, OAX",1985-06-02,14:55:41,revisado
1985-06-02,09:28:52,no calculable,14.79,-93.14,33.0,"77 km al SUROESTE de MAPASTEPEC, CHIS",1985-06-02,15:28:52,revisado
1985-06-02,11:51:50,no calculable,16.98,-90.92,100.0,"76 km al SURESTE de TENOSIQUE, TAB",1985-06-02,17:51:50,revisado
1985-06-02,12:18:24,no calculable,16.38,-96.35,33.0,"27 km al ESTE de MIAHUATLAN, OAX",1985-06-02,18:18:24,revisado
1985-06-02,14:47:25,4.4,18.8,-108.61,9.0,"407 km al SUROESTE de PUERTO VALLARTA, JAL",1985-06-02,20:47:25,revisado
1985-06-03,00:02:16,no calculable,17.11,-101.3,33.0,"47 km al SUR de PETATLAN, GRO",1985-06-03,06:02:16,revisado
1985-06-03,02:23:43,no calculable,16.27,-97.82,33.0,"26 km al SURESTE de PINOTEPA NACIONAL, OAX",1985-06-03,08:23:43,revisado
1985-06-03,17:30:02,4.5,17.66,-106.96,9.0,"307 km al SUROESTE de CIHUATLAN, JAL",1985-06-03,23:30:02,revisado
1985-06-03,22:54:54,no calculable,15.89,-97.06,15.0,"3 km al NORTE de PUERTO ESCONDIDO, OAX",1985-06-04,04:54:54,revisado
1985-06-04,01:19:16,no calculable,16.44,-91.12,33.0,"93 km al ESTE de LAS MARGARITAS, CHIS",1985-06-04,07:19:16,revisado
1985-06-04,01:25:01,no calculable,16.76,-102.41,33.0,"134 km al SUROESTE de ZIHUATANEJO, GRO",1985-06-04,07:25:01,revisado
1985-06-04,09:38:36,no calculable,13.28,-92.21,33.0,"155 km al SUR de CD HIDALGO, CHIS",1985-06-04,15:38:36,revisado
1985-06-04,10:33:25,4.7,13.23,-90.39,33.0,"249 km al SURESTE de CD HIDALGO, CHIS",1985-06-04,16:33:25,revisado
1985-06-04,10:43:48,no calculable,15.9,-95.48,33.0,"44 km al SUROESTE de SALINA CRUZ, OAX",1985-06-04,16:43:48,revisado
1985-06-04,12:37:56,2.4,31.84,-115.82,8.0,"72 km al ESTE de RODOLFO SANCHEZ T(MRO), BC",1985-06-04,18:37:56,revisado
1985-06-04,21:53:00,no calculable,17.69,-101.42,9.0,"15 km al NORESTE de ZIHUATANEJO, GRO",1985-06-05,03:53:00,revisado
1985-06-04,22:21:37,4.9,13.82,-92.07,80.0,"95 km al SUR de CD HIDALGO, CHIS",1985-06-05,04:21:37,revisado
1985-06-04,22:46:59,no calculable,13.88,-92.52,33.0,"97 km al SUROESTE de CD HIDALGO, CHIS",1985-06-05,04:46:59,revisado
1985-06-05,01:39:49,no calculable,14.7,-91.37,80.0,"84 km al ESTE de CD HIDALGO, CHIS",1985-06-05,07:39:49,revisado
1985-06-05,03:31:17,no calculable,17.21,-94.18,112.0,"75 km al NOROESTE de CINTALAPA, CHIS",1985-06-05,09:31:17,revisado
1985-06-05,03:53:14,no calculable,17.14,-94.74,70.0,"44 km al NORESTE de MATIAS ROMERO, OAX",1985-06-05,09:53:14,revisado
1985-06-05,04:00:50,no calculable,32.99,-115.57,8.0,"37 km al NORTE de MEXICALI, BC",1985-06-05,10:00:50,revisado
1985-06-05,04:21:03,no calculable,14.59,-94.11,5.0,"155 km al SUROESTE de PIJIJIAPAN, CHIS",1985-06-05,10:21:03,revisado
1985-06-05,06:18:12,no calculable,15.2,-93.93,33.0,"94 km al SUROESTE de PIJIJIAPAN, CHIS",1985-06-05,12:18:12,revisado
1985-06-05,08:12:28,2.5,31.72,-116.39,8.0,"17 km al ESTE de RODOLFO SANCHEZ T(MRO), BC",1985-06-05,14:12:28,revisado
1985-06-05,11:17:49,no calculable,17.38,-95.19,57.0,"58 km al NOROESTE de MATIAS ROMERO, OAX",1985-06-05,17:17:49,revisado
1985-06-05,16:01:37,no calculable,14.34,-93.31,33.0,"127 km al SUROESTE de HUIXTLA, CHIS",1985-06-05,22:01:37,revisado
1985-06-06,03:13:26,no calculable,15.85,-97.85,33.0,"48 km al SUROESTE de RIO GRANDE, OAX",1985-06-06,09:13:26,revisado
1985-06-06,05:29:37,2.6,31.97,-115.67,8.0,"64 km al SUROESTE de GPE VICTORIA(KM.43), BC",1985-06-06,11:29:37,revisado
1985-06-06,19:12:19,no calculable,19.08,-97.04,5.0,"1 km al NORESTE de COSCOMATEPEC, VER",1985-06-07,01:12:19,revisado
1985-06-07,21:29:49,no calculable,17.88,-94.03,70.0,"7 km al SURESTE de LAS CHOAPAS, VER",1985-06-08,03:29:49,revisado
1985-06-07,22:49:11,no calculable,13.92,-91.74,33.0,"95 km al SURESTE de CD HIDALGO, CHIS",1985-06-08,04:49:11,revisado
1985-06-08,11:35:34,no calculable,15.91,-97.88,33.0,"49 km al OESTE de RIO GRANDE, OAX",1985-06-08,17:35:34,revisado
1985-06-08,14:52:00,no calculable,18.29,-98.56,23.0,"5 km al ESTE de CHIAUTLA DE TAPIA, PUE",1985-06-08,20:52:00,revisado
1985-06-08,18:50:32,3.1,31.9,-115.79,8.0,"76 km al ESTE de RODOLFO SANCHEZ T(MRO), BC",1985-06-09,00:50:32,revisado
1985-06-08,19:04:57,2.4,31.87,-115.8,8.0,"75 km al ESTE de RODOLFO SANCHEZ T(MRO), BC",1985-06-09,01:04:57,revisado
1985-06-08,20:51:24,no calculable,15.7,-99.2,33.0,"123 km al SUR de SAN MARCOS, GRO",1985-06-09,02:51:24,revisado
1985-06-09,03:34:31,no calculable,16.05,-98.61,33.0,"68 km al SUROESTE de PINOTEPA NACIONAL, OAX",1985-06-09,09:34:31,revisado
1985-06-09,05:13:06,no calculable,16.63,-99.8,5.0,"29 km al SURESTE de ACAPULCO, GRO",1985-06-09,11:13:06,revisado
1985-06-09,11:49:32,4.1,14.98,-92.74,100.0,"34 km al SUROESTE de HUIXTLA, CHIS",1985-06-09,17:49:32,revisado
1985-06-10,11:21:19,no calculable,17.5,-94.79,140.0,"46 km al SURESTE de SAYULA DE ALEMAN, VER",1985-06-10,17:21:19,revisado
1985-06-10,17:13:13,4.6,13.38,-89.9,33.0,"282 km al SURESTE de CD HIDALGO, CHIS",1985-06-10,23:13:13,revisado
1985-06-10,17:59:41,no calculable,17.2,-94.52,121.0,"66 km al NORESTE de MATIAS ROMERO, OAX",1985-06-10,23:59:41,revisado
1985-06-10,22:33:10,no calculable,14.8,-93.24,33.0,"80 km al SUROESTE de MAPASTEPEC, CHIS",1985-06-11,04:33:10,revisado
1985-06-11,02:04:54,3.9,19.17,-104.64,15.0,"11 km al SUROESTE de CIHUATLAN, JAL",1985-06-11,08:04:54,revisado
1985-06-11,16:20:44,no calculable,15.32,-97.39,33.0,"69 km al SUROESTE de PUERTO ESCONDIDO, OAX",1985-06-11,22:20:44,revisado
1985-06-12,00:43:55,no calculable,18.06,-101.5,33.0,"46 km al NORTE de ZIHUATANEJO, GRO",1985-06-12,06:43:55,revisado
1985-06-12,01:05:51,4.5,13.52,-89.62,33.0,"302 km al SURESTE de CD HIDALGO, CHIS",1985-06-12,07:05:51,revisado
1985-06-12,02:00:47,no calculable,15.94,-98.81,33.0,"92 km al SUROESTE de PINOTEPA NACIONAL, OAX",1985-06-12,08:00:47,revisado
1985-06-12,04:20:19,no calculable,15.22,-93.37,80.0,"54 km al SUROESTE de PIJIJIAPAN, CHIS",1985-06-12,10:20:19,revisado
1985-06-12,05:03:08,5.6,15.98,-94.18,33.0,"41 km al SUROESTE de ARRIAGA , CHIS",1985-06-12,11:03:08,revisado
1985-06-12,22:41:32,no calculable,16.06,-94.32,64.0,"49 km al SUROESTE de ARRIAGA , CHIS",1985-06-13,04:41:32,revisado
1985-06-13,03:49:07,no calculable,14.67,-93.18,33.0,"91 km al SUROESTE de MAPASTEPEC, CHIS",1985-06-13,09:49:07,revisado
1985-06-13,05:42:35,4.9,13.87,-91.59,70.0,"108 km al SURESTE de CD HIDALGO, CHIS",1985-06-13,11:42:35,revisado
1985-06-13,07:25:27,no calculable,15.12,-92.99,70.0,"37 km al SUROESTE de MAPASTEPEC, CHIS",1985-06-13,13:25:27,revisado
1985-06-13,21:45:50,2.6,31.27,-115.34,8.0,"55 km al NOROESTE de SAN FELIPE, BC",1985-06-14,03:45:50,revisado
1985-06-14,01:43:58,4.7,17.54,-94.67,128.0,"47 km al SUR de JALTIPAN DE MORELOS, VER",1985-06-14,07:43:58,revisado
1985-06-14,14:48:31,4.3,17.27,-95.03,102.0,"44 km al NORTE de MATIAS ROMERO, OAX",1985-06-14,20:48:31,revisado
1985-06-15,00:13:33,no calculable,13.39,-91.18,33.0,"177 km al SURESTE de CD HIDALGO, CHIS",1985-06-15,06:13:33,revisado
1985-06-15,02:53:42,no calculable,16.67,-95.3,33.0,"24 km al NOROESTE de CD IXTEPEC, OAX",1985-06-15,08:53:42,revisado
1985-06-15,05:34:05,no calculable,15.37,-99.03,33.0,"150 km al SUROESTE de PINOTEPA NACIONAL, OAX",1985-06-15,11:34:05,revisado
1985-06-15,07:18:35,no calculable,15.97,-93.96,107.0,"25 km al SUROESTE de TONALA, CHIS",1985-06-15,13:18:35,revisado
1985-06-15,08:34:26,no calculable,15.76,-95.52,33.0,"58 km al SUROESTE de SALINA CRUZ, OAX",1985-06-15,14:34:26,revisado
1985-06-15,19:08:03,no calculable,16.04,-96.27,33.0,"33 km al NOROESTE de CRUCECITA, OAX",1985-06-16,01:08:03,revisado
1985-06-16,06:11:05,4.2,17.83,-97.26,75.0,"12 km al SURESTE de TEPELMEME, OAX",1985-06-16,12:11:05,revisado
1985-06-16,20:04:54,2.2,31.9,-115.8,8.0,"75 km al ESTE de RODOLFO SANCHEZ T(MRO), BC",1985-06-17,02:04:54,revisado
1985-06-17,04:32:22,no calculable,16.12,-97.42,15.0,"12 km al NORTE de RIO GRANDE, OAX",1985-06-17,10:32:22,revisado
1985-06-17,18:12:57,3.0,32.64,-117.11,8.0,"13 km al NOROESTE de TIJUANA, BC",1985-06-18,00:12:57,revisado
1985-06-17,18:24:12,2.6,31.99,-116.47,8.0,"19 km al NORESTE de ENSENADA, BC",1985-06-18,00:24:12,revisado
1985-06-17,21:22:31,3.0,32.64,-117.0,8.0,"12 km al NORESTE de TIJUANA, BC",1985-06-18,03:22:31,revisado
1985-06-17,22:28:16,3.0,32.69,-117.15,8.0,"20 km al NOROESTE de TIJUANA, BC",1985-06-18,04:28:16,revisado
1985-06-18,01:56:02,no calculable,17.14,-101.05,33.0,"46 km al OESTE de TECPAN, GRO",1985-06-18,07:56:02,revisado
1985-06-18,11:32:02,4.5,17.08,-101.58,9.0,"60 km al SUROESTE de PETATLAN, GRO",1985-06-18,17:32:02,revisado
1985-06-18,16:34:10,no calculable,16.41,-98.73,15.0,"46 km al SUROESTE de OMETEPEC, GRO",1985-06-18,22:34:10,revisado
1985-06-18,18:41:29,no calculable,15.11,-94.9,33.0,"123 km al SUR de SALINA CRUZ, OAX",1985-06-19,00:41:29,revisado
1985-06-18,19:09:07,no calculable,15.18,-94.27,15.0,"114 km al SUROESTE de TONALA, CHIS",1985-06-19,01:09:07,revisado
1985-06-18,20:01:16,no calculable,15.83,-100.76,33.0,"147 km al SUROESTE de ACAPULCO, GRO",1985-06-19,02:01:16,revisado
1985-06-18,21:09:46,4.4,18.03,-102.84,15.0,"54 km al OESTE de LA MIRA, MICH",1985-06-19,03:09:46,revisado
1985-06-18,22:57:03,no calculable,15.6,-95.67,15.0,"53 km al SURESTE de CRUCECITA, OAX",1985-06-19,04:57:03,revisado
1985-06-19,04:38:50,no calculable,16.79,-93.82,159.0,"15 km al NOROESTE de CINTALAPA, CHIS",1985-06-19,10:38:50,revisado
1985-06-19,17:58:43,no calculable,17.84,-101.31,33.0,"33 km al NORESTE de ZIHUATANEJO, GRO",1985-06-19,23:58:43,revisado
1985-06-19,23:45:15,no calculable,15.96,-98.19,15.0,"45 km al SUROESTE de PINOTEPA NACIONAL, OAX",1985-06-20,05:45:15,revisado
1985-06-20,03:10:46,no calculable,17.36,-94.67,169.0,"65 km al SURESTE de SAYULA DE ALEMAN, VER",1985-06-20,09:10:46,revisado
1985-06-20,06:49:41,no calculable,16.92,-95.43,96.0,"42 km al OESTE de MATIAS ROMERO, OAX",1985-06-20,12:49:41,revisado
1985-06-20,09:25:41,4.6,13.32,-91.53,33.0,"165 km al SURESTE de CD HIDALGO, CHIS",1985-06-20,15:25:41,revisado
1985-06-20,18:44:18,no calculable,13.55,-93.01,33.0,"155 km al SUROESTE de CD HIDALGO, CHIS",1985-06-21,00:44:18,revisado
1985-06-20,18:44:43,4.6,14.2,-92.18,33.0,"53 km al SUR de CD HIDALGO, CHIS",1985-06-21,00:44:43,revisado
1985-06-20,19:15:38,2.8,32.15,-115.74,8.0,"56 km al SUROESTE de SANTA ISABEL, BC",1985-06-21,01:15:38,revisado
1985-06-20,22:38:46,no calculable,18.59,-102.3,33.0,"53 km al SUROESTE de NUEVA ITALIA, MICH",1985-06-21,04:38:46,revisado
1985-06-21,02:10:53,no calculable,15.41,-95.43,33.0,"85 km al SURESTE de CRUCECITA, OAX",1985-06-21,08:10:53,revisado
1985-06-21,12:03:28,no calculable,13.74,-92.84,33.0,"128 km al SUROESTE de CD HIDALGO, CHIS",1985-06-21,18:03:28,revisado
1985-06-21,17:56:16,no calculable,14.2,-92.18,33.0,"53 km al SUR de CD HIDALGO, CHIS",1985-06-21,23:56:16,revisado
1985-06-21,18:05:57,no calculable,13.7,-92.67,80.0,"122 km al SUROESTE de CD HIDALGO, CHIS",1985-06-22,00:05:57,revisado
1985-06-21,21:49:30,4.8,13.04,-91.13,33.0,"212 km al SURESTE de CD HIDALGO, CHIS",1985-06-22,03:49:30,revisado
1985-06-21,23:54:10,4.7,13.26,-91.17,33.0,"189 km al SURESTE de CD HIDALGO, CHIS",1985-06-22,05:54:10,revisado
1985-06-22,04:45:55,no calculable,17.93,-103.11,33.0,"83 km al OESTE de LA MIRA, MICH",1985-06-22,10:45:55,revisado
1985-06-22,04:48:26,no calculable,15.17,-94.76,33.0,"121 km al SURESTE de SALINA CRUZ, OAX",1985-06-22,10:48:26,revisado
1985-06-23,00:40:22,no calculable,14.85,-94.11,15.0,"134 km al SUROESTE de PIJIJIAPAN, CHIS",1985-06-23,06:40:22,revisado
1985-06-23,04:14:29,4.0,17.0,-100.36,96.0,"24 km al SURESTE de ATOYAC DE ALVAREZ, GRO",1985-06-23,10:14:29,revisado
1985-06-23,05:51:18,no calculable,17.48,-95.02,126.0,"45 km al SUR de SAYULA DE ALEMAN, VER",1985-06-23,11:51:18,revisado
1985-06-23,11:32:39,no calculable,14.96,-95.18,33.0,"135 km al SUR de SALINA CRUZ, OAX",1985-06-23,17:32:39,revisado
1985-06-23,21:42:05,no calculable,16.24,-99.6,33.0,"65 km al SUROESTE de SAN MARCOS, GRO",1985-06-24,03:42:05,revisado
1985-06-24,02:37:53,no calculable,15.78,-97.5,33.0,"27 km al SUROESTE de RIO GRANDE, OAX",1985-06-24,08:37:53,revisado
1985-06-24,22:18:43,no calculable,16.84,-101.44,33.0,"79 km al SUR de PETATLAN, GRO",1985-06-25,04:18:43,revisado
1985-06-24,23:13:40,no calculable,16.25,-97.95,5.0,"15 km al SURESTE de PINOTEPA NACIONAL, OAX",1985-06-25,05:13:40,revisado
1985-06-25,00:59:38,no calculable,16.7,-101.13,33.0,"78 km al SUROESTE de TECPAN, GRO",1985-06-25,06:59:38,revisado
1985-06-25,14:31:38,no calculable,13.14,-90.89,33.0,"218 km al SURESTE de CD HIDALGO, CHIS",1985-06-25,20:31:38,revisado
1985-06-25,16:54:46,no calculable,13.02,-91.22,33.0,"209 km al SURESTE de CD HIDALGO, CHIS",1985-06-25,22:54:46,revisado
1985-06-26,00:44:46,no calculable,15.87,-95.62,15.0,"56 km al ESTE de CRUCECITA, OAX",1985-06-26,06:44:46,revisado
1985-06-27,01:25:27,no calculable,15.92,-97.3,15.0,"17 km al SURESTE de RIO GRANDE, OAX",1985-06-27,07:25:27,revisado
1985-06-27,04:37:36,no calculable,14.33,-92.86,33.0,"86 km al SUROESTE de CD HIDALGO, CHIS",1985-06-27,10:37:36,revisado
1985-06-29,00:13:40,no calculable,17.6,-94.44,170.0,"45 km al SURESTE de MINATITLAN, VER",1985-06-29,06:13:40,revisado
1985-06-29,05:51:23,no calculable,15.95,-98.27,15.0,"49 km al SUROESTE de PINOTEPA NACIONAL, OAX",1985-06-29,11:51:23,revisado
1985-06-29,15:36:46,no calculable,17.54,-95.23,140.0,"47 km al SUROESTE de SAYULA DE ALEMAN, VER",1985-06-29,21:36:46,revisado
1985-06-29,22:10:11,4.2,18.22,-101.03,28.0,"41 km al SUROESTE de CD ALTAMIRANO, GRO",1985-06-30,04:10:11,revisado
1985-06-29,23:54:24,no calculable,16.29,-98.69,33.0,"53 km al SUROESTE de OMETEPEC, GRO",1985-06-30,05:54:24,revisado
1985-07-01,07:27:25,no calculable,14.25,-93.25,33.0,"127 km al SUROESTE de CD HIDALGO, CHIS",1985-07-01,13:27:25,revisado
1985-07-01,10:11:57,no calculable,16.24,-97.62,9.0,"32 km al NOROESTE de RIO GRANDE, OAX",1985-07-01,16:11:57,revisado
1985-07-01,18:05:25,no calculable,19.0,-101.28,33.0,"32 km al SURESTE de TACAMBARO, MICH",1985-07-02,00:05:25,revisado
1985-07-01,18:15:34,no calculable,14.1,-93.56,33.0,"164 km al SUROESTE de HUIXTLA, CHIS",1985-07-02,00:15:34,revisado
1985-07-01,19:25:48,no calculable,16.73,-99.05,33.0,"37 km al ESTE de SAN MARCOS, GRO",1985-07-02,01:25:48,revisado
1985-07-02,00:39:40,no calculable,14.73,-93.12,33.0,"82 km al SUROESTE de MAPASTEPEC, CHIS",1985-07-02,06:39:40,revisado
1985-07-02,05:13:18,no calculable,15.49,-94.61,33.0,"99 km al SURESTE de SALINA CRUZ, OAX",1985-07-02,11:13:18,revisado
1985-07-02,22:31:46,no calculable,16.02,-98.32,5.0,"46 km al SUROESTE de PINOTEPA NACIONAL, OAX",1985-07-03,04:31:46,revisado
1985-07-03,07:45:13,no calculable,17.85,-93.94,33.0,"17 km al SURESTE de LAS CHOAPAS, VER",1985-07-03,13:45:13,revisado
1985-07-03,08:49:07,no calculable,15.59,-91.3,33.0,"90 km al ESTE de FRONTERA COMALAPA, CHIS",1985-07-03,14:49:07,revisado
1985-07-03,09:43:10,no calculable,16.19,-94.57,120.0,"42 km al SURESTE de UNION HIDALGO, OAX",1985-07-03,15:43:10,revisado
1985-07-03,12:12:27,no calculable,16.36,-97.65,33.0,"43 km al ESTE de PINOTEPA NACIONAL, OAX",1985-07-03,18:12:27,revisado
1985-07-03,20:41:21,no calculable,18.2,-100.26,45.0,"13 km al SUR de ARCELIA, GRO",1985-07-04,02:41:21,revisado
1985-07-04,02:18:29,no calculable,14.52,-93.94,33.0,"151 km al SUROESTE de PIJIJIAPAN, CHIS",1985-07-04,08:18:29,revisado
1985-07-04,02:51:34,5.1,17.38,-97.07,70.0,"44 km al NOROESTE de STA MARIA ATZOMPA, OAX",1985-07-04,08:51:34,revisado
1985-07-04,03:46:31,no calculable,31.86,-115.94,8.0,"62 km al ESTE de RODOLFO SANCHEZ T(MRO), BC",1985-07-04,09:46:31,revisado
1985-07-04,05:47:36,no calculable,13.35,-92.1,33.0,"147 km al SUR de CD HIDALGO, CHIS",1985-07-04,11:47:36,revisado
1985-07-04,18:35:32,no calculable,16.51,-100.77,33.0,"80 km al SUR de TECPAN, GRO",1985-07-05,00:35:32,revisado
1985-07-04,19:32:41,no calculable,15.73,-93.31,33.0,"12 km al NOROESTE de PIJIJIAPAN, CHIS",1985-07-05,01:32:41,revisado
1985-07-05,01:20:11,5.3,17.23,-94.46,120.0,"73 km al NORESTE de MATIAS ROMERO, OAX",1985-07-05,07:20:11,revisado
1985-07-05,06:22:21,no calculable,32.09,-116.46,8.0,"29 km al NORESTE de ENSENADA, BC",1985-07-05,12:22:21,revisado
1985-07-05,16:49:25,no calculable,16.52,-96.06,33.0,"61 km al NORESTE de MIAHUATLAN, OAX",1985-07-05,22:49:25,revisado
1985-07-06,02:23:28,no calculable,18.74,-103.85,15.0,"19 km al SUR de TECOMAN, COL",1985-07-06,08:23:28,revisado
1985-07-06,04:34:44,4.2,31.04,-114.3,9.0,"51 km al ESTE de SAN FELIPE, BC",1985-07-06,10:34:44,revisado
1985-07-06,04:50:10,no calculable,18.02,-100.43,80.0,"36 km al SUROESTE de ARCELIA, GRO",1985-07-06,10:50:10,revisado
1985-07-06,08:27:23,no calculable,17.24,-94.85,15.0,"45 km al NORESTE de MATIAS ROMERO, OAX",1985-07-06,14:27:23,revisado
1985-07-06,10:13:34,no calculable,16.73,-94.35,100.0,"58 km al NORESTE de UNION HIDALGO, OAX",1985-07-06,16:13:34,revisado
1985-07-06,10:28:15,no calculable,19.67,-96.68,15.0,"29 km al NORESTE de BANDERILLA, VER",1985-07-06,16:28:15,revisado
1985-07-06,18:57:47,no calculable,17.1,-95.03,100.0,"25 km al NORTE de MATIAS ROMERO, OAX",1985-07-07,00:57:47,revisado
1985-07-06,20:14:42,no calculable,15.09,-92.82,80.0,"38 km al OESTE de HUIXTLA, CHIS",1985-07-07,02:14:42,revisado
1985-07-07,00:06:56,no calculable,16.78,-99.43,5.0,"4 km al SUROESTE de SAN MARCOS, GRO",1985-07-07,06:06:56,revisado
1985-07-07,00:17:34,no calculable,16.08,-99.83,5.0,"88 km al SUR de ACAPULCO, GRO",1985-07-07,06:17:34,revisado
1985-07-07,01:42:03,no calculable,16.15,-95.91,15.0,"49 km al NORESTE de CRUCECITA, OAX",1985-07-07,07:42:03,revisado
1985-07-07,03:40:08,no calculable,16.59,-94.11,59.0,"43 km al SUROESTE de CINTALAPA, CHIS",1985-07-07,09:40:08,revisado
1985-07-07,04:18:44,no calculable,15.19,-93.12,33.0,"37 km al SUROESTE de MAPASTEPEC, CHIS",1985-07-07,10:18:44,revisado
1985-07-07,06:28:53,no calculable,16.6,-98.69,33.0,"32 km al SUROESTE de OMETEPEC, GRO",1985-07-07,12:28:53,revisado
1985-07-07,12:28:00,no calculable,17.09,-100.23,15.0,"18 km al NOROESTE de COYUCA DE BENITEZ, GRO",1985-07-07,18:28:00,revisado
1985-07-07,17:23:22,no calculable,19.8,-100.92,5.0,"12 km al SUROESTE de ZINAPECUARO, MICH",1985-07-07,23:23:22,revisado
1985-07-07,18:17:33,no calculable,16.29,-98.02,5.0,"7 km al SURESTE de PINOTEPA NACIONAL, OAX",1985-07-08,00:17:33,revisado
1985-07-07,19:54:21,no calculable,14.53,-93.47,33.0,"118 km al SUROESTE de MAPASTEPEC, CHIS",1985-07-08,01:54:21,revisado
1985-07-07,21:26:36,no calculable,13.71,-93.47,33.0,"178 km al SUROESTE de CD HIDALGO, CHIS",1985-07-08,03:26:36,revisado
1985-07-07,23:14:38,no calculable,15.36,-93.17,80.0,"31 km al SUROESTE de MAPASTEPEC, CHIS",1985-07-08,05:14:38,revisado
1985-07-07,23:26:52,no calculable,15.58,-93.74,33.0,"56 km al SUR de TONALA, CHIS",1985-07-08,05:26:52,revisado
1985-07-07,23:28:12,no calculable,14.2,-92.19,33.0,"53 km al SUR de CD HIDALGO, CHIS",1985-07-08,05:28:12,revisado
1985-07-07,23:30:56,no calculable,14.12,-93.05,33.0,"115 km al SUROESTE de CD HIDALGO, CHIS",1985-07-08,05:30:56,revisado
1985-07-08,04:19:27,4.6,18.96,-108.31,9.0,"371 km al SUROESTE de PUERTO VALLARTA, JAL",1985-07-08,10:19:27,revisado
1985-07-08,04:25:17,no calculable,17.91,-104.01,15.0,"111 km al SUR de TECOMAN, COL",1985-07-08,10:25:17,revisado
1985-07-08,04:33:22,5.4,18.9,-108.47,9.0,"389 km al SUROESTE de PUERTO VALLARTA, JAL",1985-07-08,10:33:22,revisado
1985-07-08,05:16:47,3.9,19.46,-108.9,9.0,"394 km al SURESTE de CABO SAN LUCAS, BCS",1985-07-08,11:16:47,revisado
1985-07-08,16:14:27,no calculable,17.72,-94.87,15.0,"20 km al SURESTE de SAYULA DE ALEMAN, VER",1985-07-08,22:14:27,revisado
1985-07-08,16:58:53,no calculable,14.06,-94.09,33.0,"200 km al SUROESTE de MAPASTEPEC, CHIS",1985-07-08,22:58:53,revisado
1985-07-08,20:47:26,no calculable,14.05,-92.76,33.0,"96 km al SUROESTE de CD HIDALGO, CHIS",1985-07-09,02:47:26,revisado
1985-07-09,08:44:16,no calculable,14.61,-94.13,33.0,"155 km al SUROESTE de PIJIJIAPAN, CHIS",1985-07-09,14:44:16,revisado
1985-07-09,11:10:11,no calculable,14.99,-92.71,33.0,"31 km al SUROESTE de HUIXTLA, CHIS",1985-07-09,17:10:11,revisado
1985-07-09,16:00:11,no calculable,15.92,-91.13,33.0,"101 km al SURESTE de LAS MARGARITAS, CHIS",1985-07-09,22:00:11,revisado
1985-07-10,00:57:47,no calculable,14.33,-93.24,33.0,"122 km al SUROESTE de HUIXTLA, CHIS",1985-07-10,06:57:47,revisado
1985-07-10,01:51:29,no calculable,14.06,-92.63,33.0,"86 km al SUROESTE de CD HIDALGO, CHIS",1985-07-10,07:51:29,revisado
1985-07-10,03:07:19,no calculable,14.08,-95.1,33.0,"217 km al SURESTE de CRUCECITA, OAX",1985-07-10,09:07:19,revisado
1985-07-10,07:12:33,no calculable,16.29,-94.89,107.0,"21 km al SURESTE de JUCHITAN DE ZARAGOZA, OAX",1985-07-10,13:12:33,revisado
1985-07-10,10:01:35,no calculable,15.8,-95.67,33.0,"50 km al ESTE de CRUCECITA, OAX",1985-07-10,16:01:35,revisado
1985-07-10,17:04:53,no calculable,17.72,-101.03,30.0,"33 km al NORESTE de PETATLAN, GRO",1985-07-10,23:04:53,revisado
1985-07-10,17:17:42,no calculable,15.06,-92.28,33.0,"15 km al NOROESTE de CACAHOATAN, CHIS",1985-07-10,23:17:42,revisado
1985-07-10,19:10:36,no calculable,13.73,-92.09,33.0,"105 km al SUR de CD HIDALGO, CHIS",1985-07-11,01:10:36,revisado
1985-07-11,00:15:27,no calculable,17.01,-100.07,15.0,"2 km al ESTE de COYUCA DE BENITEZ, GRO",1985-07-11,06:15:27,revisado
1985-07-11,06:27:44,no calculable,15.79,-98.34,33.0,"68 km al SUROESTE de PINOTEPA NACIONAL, OAX",1985-07-11,12:27:44,revisado
1985-07-11,09:25:13,no calculable,18.24,-99.84,33.0,"14 km al SUR de TELOLOAPAN, GRO",1985-07-11,15:25:13,revisado
1985-07-11,11:09:10,no calculable,17.03,-94.36,33.0,"75 km al ESTE de MATIAS ROMERO, OAX",1985-07-11,17:09:10,revisado
1985-07-11,11:28:49,no calculable,16.76,-98.92,33.0,"50 km al ESTE de SAN MARCOS, GRO",1985-07-11,17:28:49,revisado
1985-07-11,19:39:36,no calculable,17.36,-101.92,15.0,"50 km al SUROESTE de ZIHUATANEJO, GRO",1985-07-12,01:39:36,revisado
1985-07-11,23:26:10,no calculable,21.59,-101.45,5.0,"27 km al NOROESTE de SAN FELIPE, GTO",1985-07-12,05:26:10,revisado
1985-07-12,07:10:40,no calculable,16.49,-99.66,33.0,"44 km al SUROESTE de SAN MARCOS, GRO",1985-07-12,13:10:40,revisado
1985-07-12,07:53:47,no calculable,14.5,-94.45,33.0,"187 km al SUROESTE de PIJIJIAPAN, CHIS",1985-07-12,13:53:47,revisado
1985-07-12,12:28:45,no calculable,15.75,-93.62,33.0,"40 km al SURESTE de TONALA, CHIS",1985-07-12,18:28:45,revisado
1985-07-12,16:14:28,no calculable,15.86,-94.15,33.0,"49 km al SUROESTE de TONALA, CHIS",1985-07-12,22:14:28,revisado
1985-07-12,18:07:02,no calculable,18.26,-101.9,70.0,"43 km al NORESTE de LAS GUACAMAYAS, MICH",1985-07-13,00:07:02,revisado
1985-07-12,19:14:07,no calculable,15.72,-95.86,15.0,"30 km al ESTE de CRUCECITA, OAX",1985-07-13,01:14:07,revisado
1985-07-12,19:56:55,no calculable,19.9,-98.25,5.0,"16 km al SURESTE de CUAUTEPEC, HGO",1985-07-13,01:56:55,revisado
1985-07-12,21:53:42,no calculable,17.7,-103.14,15.0,"93 km al SUROESTE de LA MIRA, MICH",1985-07-13,03:53:42,revisado
1985-07-13,18:37:18,no calculable,16.31,-98.61,33.0,"47 km al SUROESTE de OMETEPEC, GRO",1985-07-14,00:37:18,revisado
1985-07-13,18:45:13,no calculable,15.01,-93.63,33.0,"87 km al SUROESTE de PIJIJIAPAN, CHIS",1985-07-14,00:45:13,revisado
1985-07-14,06:07:29,no calculable,16.94,-99.46,33.0,"18 km al NOROESTE de SAN MARCOS, GRO",1985-07-14,12:07:29,revisado
1985-07-14,08:48:42,no calculable,13.6,-93.83,33.0,"217 km al SUROESTE de CD HIDALGO, CHIS",1985-07-14,14:48:42,revisado
1985-07-14,11:13:43,no calculable,13.58,-93.72,33.0,"208 km al SUROESTE de CD HIDALGO, CHIS",1985-07-14,17:13:43,revisado
1985-07-14,13:04:03,no calculable,18.26,-95.28,33.0,"22 km al SUROESTE de S ANDRES TUXTLA, VER",1985-07-14,19:04:03,revisado
1985-07-14,15:26:23,no calculable,15.27,-92.87,33.0,"19 km al SUR de MAPASTEPEC, CHIS",1985-07-14,21:26:23,revisado
1985-07-14,16:26:33,no calculable,15.81,-98.57,15.0,"81 km al SUROESTE de PINOTEPA NACIONAL, OAX",1985-07-14,22:26:33,revisado
1985-07-14,22:13:12,no calculable,16.9,-95.19,80.0,"16 km al OESTE de MATIAS ROMERO, OAX",1985-07-15,04:13:12,revisado
1985-07-14,22:48:08,no calculable,17.78,-94.63,130.0,"22 km al SURESTE de JALTIPAN DE MORELOS, VER",1985-07-15,04:48:08,revisado
1985-07-15,08:37:22,no calculable,14.73,-92.64,33.0,"45 km al SUROESTE de TAPACHULA, CHIS",1985-07-15,14:37:22,revisado
1985-07-15,16:15:54,no calculable,15.68,-94.7,15.0,"77 km al SURESTE de SALINA CRUZ, OAX",1985-07-15,22:15:54,revisado
1985-07-15,23:38:18,no calculable,18.58,-102.55,15.0,"60 km al SUROESTE de APATZINGAN, MICH",1985-07-16,05:38:18,revisado
1985-07-16,00:51:37,no calculable,17.26,-98.29,60.0,"44 km al SURESTE de TLAPA, GRO",1985-07-16,06:51:37,revisado
1985-07-16,00:58:44,no calculable,17.1,-94.16,73.0,"65 km al NOROESTE de CINTALAPA, CHIS",1985-07-16,06:58:44,revisado
1985-07-16,08:04:50,no calculable,17.83,-102.43,5.0,"25 km al SUROESTE de LA MIRA, MICH",1985-07-16,14:04:50,revisado
1985-07-16,17:06:40,no calculable,31.77,-115.88,8.0,"66 km al ESTE de RODOLFO SANCHEZ T(MRO), BC",1985-07-16,23:06:40,revisado
1985-07-16,23:33:42,no calculable,15.37,-92.6,100.0,"29 km al NOROESTE de HUIXTLA, CHIS",1985-07-17,05:33:42,revisado
1985-07-17,00:14:40,no calculable,14.76,-93.34,33.0,"89 km al SUROESTE de MAPASTEPEC, CHIS",1985-07-17,06:14:40,revisado
1985-07-17,03:35:34,no calculable,15.73,-94.12,33.0,"55 km al SUROESTE de TONALA, CHIS",1985-07-17,09:35:34,revisado
1985-07-17,05:19:01,no calculable,14.01,-91.11,33.0,"134 km al SURESTE de CD HIDALGO, CHIS",1985-07-17,11:19:01,revisado
1985-07-17,22:16:45,no calculable,13.47,-95.1,33.0,"277 km al SURESTE de CRUCECITA, OAX",1985-07-18,04:16:45,revisado
1985-07-18,03:42:06,no calculable,14.48,-94.27,33.0,"175 km al SUROESTE de PIJIJIAPAN, CHIS",1985-07-18,09:42:06,revisado
1985-07-18,07:06:16,no calculable,15.44,-94.02,33.0,"77 km al SUROESTE de TONALA, CHIS",1985-07-18,13:06:16,revisado
1985-07-18,12:16:32,no calculable,16.39,-94.74,26.0,"13 km al SURESTE de UNION HIDALGO, OAX",1985-07-18,18:16:32,revisado
1985-07-18,14:51:44,no calculable,16.82,-99.42,15.0,"4 km al NOROESTE de SAN MARCOS, GRO",1985-07-18,20:51:44,revisado
1985-07-18,17:28:16,no calculable,15.37,-99.04,15.0,"151 km al SUROESTE de PINOTEPA NACIONAL, OAX",1985-07-18,23:28:16,revisado
1985-07-18,22:56:03,no calculable,16.29,-96.54,60.0,"7 km al SURESTE de MIAHUATLAN, OAX",1985-07-19,04:56:03,revisado
1985-07-19,01:18:43,no calculable,18.44,-101.78,33.0,"65 km al NORESTE de LAS GUACAMAYAS, MICH",1985-07-19,07:18:43,revisado
1985-07-19,05:37:42,no calculable,14.89,-93.03,70.0,"63 km al SUR de MAPASTEPEC, CHIS",1985-07-19,11:37:42,revisado
1985-07-19,11:14:08,no calculable,14.44,-93.89,33.0,"154 km al SUROESTE de MAPASTEPEC, CHIS",1985-07-19,17:14:08,revisado
1985-07-19,15:32:05,no calculable,18.32,-100.8,45.0,"15 km al SUROESTE de CD ALTAMIRANO, GRO",1985-07-19,21:32:05,revisado
1985-07-19,16:25:36,no calculable,16.83,-98.29,33.0,"20 km al NORESTE de OMETEPEC, GRO",1985-07-19,22:25:36,revisado
1985-07-19,18:37:14,no calculable,14.51,-95.01,33.0,"184 km al SURESTE de CRUCECITA, OAX",1985-07-20,00:37:14,revisado
1985-07-19,20:36:50,no calculable,15.53,-94.28,33.0,"83 km al SUROESTE de TONALA, CHIS",1985-07-20,02:36:50,revisado
1985-07-19,21:45:00,no calculable,16.97,-100.16,33.0,"9 km al SUROESTE de COYUCA DE BENITEZ, GRO",1985-07-20,03:45:00,revisado
1985-07-20,05:36:50,no calculable,17.88,-94.89,70.0,"5 km al SUR de OLUTA, VER",1985-07-20,11:36:50,revisado
1985-07-20,16:16:10,no calculable,16.18,-96.95,15.0,"37 km al NORESTE de PUERTO ESCONDIDO, OAX",1985-07-20,22:16:10,revisado
1985-07-20,21:40:49,no calculable,17.51,-95.53,50.0,"55 km al SUR de J RODRIGUEZ CLARA, VER",1985-07-21,03:40:49,revisado
1985-07-21,00:44:57,no calculable,16.74,-99.97,15.0,"16 km al SUROESTE de ACAPULCO, GRO",1985-07-21,06:44:57,revisado
1985-07-21,01:09:55,no calculable,14.72,-93.38,33.0,"95 km al SUROESTE de MAPASTEPEC, CHIS",1985-07-21,07:09:55,revisado
1985-07-21,02:30:48,no calculable,17.26,-95.55,45.0,"69 km al NOROESTE de MATIAS ROMERO, OAX",1985-07-21,08:30:48,revisado
1985-07-21,03:18:56,no calculable,15.11,-94.07,33.0,"112 km al SUROESTE de PIJIJIAPAN, CHIS",1985-07-21,09:18:56,revisado
1985-07-21,14:52:23,4.9,19.35,-108.52,9.0,"371 km al SUROESTE de PUERTO VALLARTA, JAL",1985-07-21,20:52:23,revisado
1985-07-21,16:03:43,no calculable,14.2,-99.46,33.0,"281 km al SUROESTE de PINOTEPA NACIONAL, OAX",1985-07-21,22:03:43,revisado
1985-07-21,20:21:01,no calculable,18.23,-94.5,5.0,"12 km al NOROESTE de COATZACOALCOS, VER",1985-07-22,02:21:01,revisado
1985-07-22,00:59:48,no calculable,16.37,-95.74,33.0,"54 km al OESTE de TEHUANTEPEC, OAX",1985-07-22,06:59:48,revisado
1985-07-22,13:04:08,no calculable,16.51,-98.43,33.0,"19 km al SUR de OMETEPEC, GRO",1985-07-22,19:04:08,revisado
1985-07-22,23:05:04,no calculable,16.77,-100.26,25.0,"32 km al SUROESTE de COYUCA DE BENITEZ, GRO",1985-07-23,05:05:04,revisado
1985-07-23,11:54:55,no calculable,17.78,-94.78,70.0,"21 km al SURESTE de OLUTA, VER",1985-07-23,17:54:55,revisado
1985-07-23,22:44:16,no calculable,14.06,-92.86,33.0,"103 km al SUROESTE de CD HIDALGO, CHIS",1985-07-24,04:44:16,revisado
1985-07-24,01:12:59,no calculable,20.62,-99.42,5.0,"14 km al SUROESTE de ZIMAPAN, HGO",1985-07-24,07:12:59,revisado
1985-07-24,04:51:21,no calculable,14.68,-99.75,33.0,"237 km al SUR de SAN MARCOS, GRO",1985-07-24,10:51:21,revisado
1985-07-24,08:52:18,no calculable,17.22,-101.47,33.0,"41 km al SUROESTE de PETATLAN, GRO",1985-07-24,14:52:18,revisado
1985-07-24,09:59:44,no calculable,14.31,-92.7,33.0,"72 km al SUROESTE de CD HIDALGO, CHIS",1985-07-24,15:59:44,revisado
1985-07-24,10:28:39,no calculable,14.96,-96.06,33.0,"90 km al SUR de CRUCECITA, OAX",1985-07-24,16:28:39,revisado
1985-07-24,23:37:29,no calculable,17.76,-94.73,111.0,"23 km al SUR de JALTIPAN DE MORELOS, VER",1985-07-25,05:37:29,revisado
1985-07-25,03:35:12,no calculable,16.19,-94.34,70.0,"47 km al OESTE de ARRIAGA , CHIS",1985-07-25,09:35:12,revisado
1985-07-25,04:50:49,4.4,15.39,-104.79,33.0,"393 km al SUROESTE de LA MIRA, MICH",1985-07-25,10:50:49,revisado
1985-07-25,11:53:43,no calculable,15.23,-93.06,60.0,"30 km al SUROESTE de MAPASTEPEC, CHIS",1985-07-25,17:53:43,revisado
1985-07-26,00:31:25,no calculable,17.35,-95.04,8.0,"53 km al NORTE de MATIAS ROMERO, OAX",1985-07-26,06:31:25,revisado
1985-07-26,04:08:24,no calculable,17.91,-101.65,15.0,"31 km al NOROESTE de ZIHUATANEJO, GRO",1985-07-26,10:08:24,revisado
1985-07-26,07:59:51,no calculable,15.14,-95.56,33.0,"93 km al SURESTE de CRUCECITA, OAX",1985-07-26,13:59:51,revisado
1985-07-26,08:14:25,no calculable,18.94,-91.98,33.0,"36 km al NOROESTE de CD DEL CARMEN, CAMP",1985-07-26,14:14:25,revisado
1985-07-26,08:31:26,no calculable,16.28,-92.82,33.0,"28 km al OESTE de VENUSTIANO CARRANZA, CHIS",1985-07-26,14:31:26,revisado
1985-07-26,13:31:47,no calculable,17.12,-90.81,33.0,"76 km al SURESTE de TENOSIQUE, TAB",1985-07-26,19:31:47,revisado
1985-07-26,14:48:43,no calculable,15.69,-95.4,33.0,"59 km al SUROESTE de SALINA CRUZ, OAX",1985-07-26,20:48:43,revisado
1985-07-26,17:11:10,no calculable,17.29,-95.07,33.0,"46 km al NORTE de MATIAS ROMERO, OAX",1985-07-26,23:11:10,revisado
1985-07-26,19:45:21,no calculable,18.22,-92.59,33.0,"30 km al NORESTE de OCUILTZAPOTLAN, TAB",1985-07-27,01:45:21,revisado
1985-07-27,02:04:06,no calculable,16.14,-95.47,33.0,"30 km al OESTE de SALINA CRUZ, OAX",1985-07-27,08:04:06,revisado
1985-07-27,05:32:33,no calculable,17.49,-95.57,3.0,"58 km al SUROESTE de J RODRIGUEZ CLARA, VER",1985-07-27,11:32:33,revisado
1985-07-27,10:26:21,no calculable,15.14,-92.83,80.0,"34 km al SUR de MAPASTEPEC, CHIS",1985-07-27,16:26:21,revisado
1985-07-27,15:00:40,no calculable,17.51,-90.62,33.0,"86 km al ESTE de TENOSIQUE, TAB",1985-07-27,21:00:40,revisado
1985-07-27,19:33:44,no calculable,19.55,-101.39,5.0,"19 km al SURESTE de QUIROGA, MICH",1985-07-28,01:33:44,revisado
1985-07-27,23:31:53,no calculable,17.38,-92.37,33.0,"24 km al NORTE de YAJALON, CHIS",1985-07-28,05:31:53,revisado
1985-07-28,02:46:10,no calculable,16.83,-94.01,93.0,"34 km al NOROESTE de CINTALAPA, CHIS",1985-07-28,08:46:10,revisado
1985-07-28,07:07:21,no calculable,15.26,-95.21,70.0,"102 km al SUR de SALINA CRUZ, OAX",1985-07-28,13:07:21,revisado
1985-07-29,05:35:53,5.3,17.68,-94.75,70.0,"31 km al SURESTE de SAYULA DE ALEMAN, VER",1985-07-29,11:35:53,revisado
1985-07-29,12:47:23,no calculable,14.36,-94.34,33.0,"190 km al SUROESTE de PIJIJIAPAN, CHIS",1985-07-29,18:47:23,revisado
1985-07-29,13:18:38,no calculable,14.61,-93.8,33.0,"134 km al SUROESTE de MAPASTEPEC, CHIS",1985-07-29,19:18:38,revisado
1985-07-29,18:13:59,no calculable,13.02,-90.05,33.0,"292 km al SURESTE de CD HIDALGO, CHIS",1985-07-30,00:13:59,revisado
1985-07-30,15:51:35,5.1,13.28,-89.14,79.0,"360 km al SURESTE de CD HIDALGO, CHIS",1985-07-30,21:51:35,revisado
1985-07-30,19:29:12,no calculable,15.63,-95.56,15.0,"63 km al ESTE de CRUCECITA, OAX",1985-07-31,01:29:12,revisado
1985-07-30,20:45:52,no calculable,14.33,-93.82,33.0,"158 km al SUROESTE de MAPASTEPEC, CHIS",1985-07-31,02:45:52,revisado
1985-07-31,20:22:39,no calculable,16.3,-97.9,5.0,"17 km al SURESTE de PINOTEPA NACIONAL, OAX",1985-08-01,02:22:39,revisado
1985-08-01,01:31:41,no calculable,17.48,-100.5,33.0,"31 km al NORTE de ATOYAC DE ALVAREZ, GRO",1985-08-01,07:31:41,revisado
1985-08-01,06:03:53,no calculable,15.51,-93.24,33.0,"20 km al SUR de PIJIJIAPAN, CHIS",1985-08-01,12:03:53,revisado
1985-08-01,12:17:23,no calculable,15.24,-95.03,33.0,"106 km al SUR de SALINA CRUZ, OAX",1985-08-01,18:17:23,revisado
1985-08-01,14:38:17,no calculable,14.58,-92.38,33.0,"27 km al SUROESTE de CD HIDALGO, CHIS",1985-08-01,20:38:17,revisado
1985-08-01,16:29:26,no calculable,17.66,-94.66,154.0,"34 km al SUR de JALTIPAN DE MORELOS, VER",1985-08-01,22:29:26,revisado
1985-08-01,17:54:55,no calculable,18.25,-102.02,80.0,"33 km al NORESTE de LAS GUACAMAYAS, MICH",1985-08-01,23:54:55,revisado
1985-08-01,18:50:51,no calculable,19.76,-93.35,33.0,"152 km al NORTE de PARAISO, TAB",1985-08-02,00:50:51,revisado
1985-08-01,19:09:31,no calculable,17.46,-94.78,33.0,"50 km al SURESTE de SAYULA DE ALEMAN, VER",1985-08-02,01:09:31,revisado
1985-08-01,20:39:11,no calculable,17.05,-93.96,172.0,"47 km al NOROESTE de CINTALAPA, CHIS",1985-08-02,02:39:11,revisado
1985-08-02,08:08:45,no calculable,14.17,-92.31,33.0,"59 km al SUROESTE de CD HIDALGO, CHIS",1985-08-02,14:08:45,revisado
1985-08-02,08:30:12,no calculable,17.11,-101.43,33.0,"50 km al SUROESTE de PETATLAN, GRO",1985-08-02,14:30:12,revisado
1985-08-02,18:14:15,no calculable,15.4,-95.71,33.0,"61 km al SURESTE de CRUCECITA, OAX",1985-08-03,00:14:15,revisado
1985-08-02,19:01:31,no calculable,17.79,-94.15,33.0,"15 km al SUROESTE de LAS CHOAPAS, VER",1985-08-03,01:01:31,revisado
1985-08-02,19:56:02,no calculable,13.79,-91.86,33.0,"103 km al SURESTE de CD HIDALGO, CHIS",1985-08-03,01:56:02,revisado
1985-08-03,07:26:12,no calculable,16.04,-96.35,33.0,"35 km al NORESTE de S PEDRO POCHUTLA, OAX",1985-08-03,13:26:12,revisado
1985-08-03,09:31:41,no calculable,13.87,-93.53,33.0,"173 km al SUROESTE de CD HIDALGO, CHIS",1985-08-03,15:31:41,revisado
1985-08-03,10:15:36,no calculable,17.41,-94.62,33.0,"62 km al SUR de JALTIPAN DE MORELOS, VER",1985-08-03,16:15:36,revisado
1985-08-03,10:59:53,no calculable,16.3,-94.5,33.0,"40 km al SURESTE de UNION HIDALGO, OAX",1985-08-03,16:59:53,revisado
1985-08-03,13:39:41,no calculable,13.32,-91.53,33.0,"165 km al SURESTE de CD HIDALGO, CHIS",1985-08-03,19:39:41,revisado
1985-08-03,18:02:46,no calculable,15.21,-97.02,33.0,"72 km al SUR de PUERTO ESCONDIDO, OAX",1985-08-04,00:02:46,revisado
1985-08-03,18:34:09,no calculable,15.57,-93.34,80.0,"19 km al SUROESTE de PIJIJIAPAN, CHIS",1985-08-04,00:34:09,revisado
1985-08-03,19:27:51,no calculable,15.2,-98.07,33.0,"113 km al SUROESTE de RIO GRANDE, OAX",1985-08-04,01:27:51,revisado
1985-08-04,00:03:58,no calculable,15.04,-93.74,33.0,"91 km al SUROESTE de PIJIJIAPAN, CHIS",1985-08-04,06:03:58,revisado
1985-08-04,01:05:16,no calculable,15.79,-97.14,15.0,"11 km al SUROESTE de PUERTO ESCONDIDO, OAX",1985-08-04,07:05:16,revisado
1985-08-04,01:13:34,no calculable,16.61,-98.56,15.0,"18 km al SUROESTE de OMETEPEC, GRO",1985-08-04,07:13:34,revisado
1985-08-04,06:50:40,no calculable,17.93,-100.98,15.0,"53 km al NORESTE de PETATLAN, GRO",1985-08-04,12:50:40,revisado
1985-08-04,07:24:45,no calculable,17.13,-94.29,70.0,"77 km al NOROESTE de CINTALAPA, CHIS",1985-08-04,13:24:45,revisado
1985-08-04,07:56:21,no calculable,17.75,-95.07,80.0,"19 km al SUROESTE de SAYULA DE ALEMAN, VER",1985-08-04,13:56:21,revisado
1985-08-04,11:14:23,no calculable,15.6,-94.37,33.0,"85 km al SUROESTE de TONALA, CHIS",1985-08-04,17:14:23,revisado
1985-08-04,15:49:38,no calculable,15.31,-94.72,33.0,"109 km al SURESTE de SALINA CRUZ, OAX",1985-08-04,21:49:38,revisado
1985-08-04,20:19:05,4.4,15.55,-98.74,5.0,"114 km al SUROESTE de PINOTEPA NACIONAL, OAX",1985-08-05,02:19:05,revisado
1985-08-04,22:42:07,no calculable,17.46,-93.65,5.0,"49 km al SUROESTE de HUIMANGUILLO, TAB",1985-08-05,04:42:07,revisado
1985-08-04,23:47:09,no calculable,15.7,-97.05,33.0,"18 km al SUR de PUERTO ESCONDIDO, OAX",1985-08-05,05:47:09,revisado
1985-08-05,04:53:10,3.6,15.14,-92.82,33.0,"34 km al SUR de MAPASTEPEC, CHIS",1985-08-05,10:53:10,revisado
1985-08-05,05:12:54,no calculable,17.14,-94.59,33.0,"56 km al NORESTE de MATIAS ROMERO, OAX",1985-08-05,11:12:54,revisado
1985-08-05,18:58:43,no calculable,15.16,-98.44,33.0,"137 km al SUROESTE de PINOTEPA NACIONAL, OAX",1985-08-06,00:58:43,revisado
1985-08-05,20:14:01,no calculable,15.88,-98.62,25.0,"79 km al SUROESTE de PINOTEPA NACIONAL, OAX",1985-08-06,02:14:01,revisado
1985-08-06,00:31:07,no calculable,18.09,-94.74,33.0,"12 km al NOROESTE de OTEAPAN, VER",1985-08-06,06:31:07,revisado
1985-08-06,02:16:05,no calculable,16.11,-95.67,33.0,"51 km al OESTE de SALINA CRUZ, OAX",1985-08-06,08:16:05,revisado
1985-08-06,02:37:00,no calculable,15.78,-93.96,33.0,"40 km al SUROESTE de TONALA, CHIS",1985-08-06,08:37:00,revisado
1985-08-06,02:52:58,no calculable,15.78,-93.84,33.0,"35 km al SUROESTE de TONALA, CHIS",1985-08-06,08:52:58,revisado
1985-08-06,06:53:57,no calculable,31.56,-115.95,8.0,"62 km al SURESTE de RODOLFO SANCHEZ T(MRO), BC",1985-08-06,12:53:57,revisado
1985-08-06,08:30:28,no calculable,15.4,-98.71,33.0,"126 km al SUROESTE de PINOTEPA NACIONAL, OAX",1985-08-06,14:30:28,revisado
1985-08-06,13:57:20,3.2,14.69,-93.95,33.0,"136 km al SUROESTE de PIJIJIAPAN, CHIS",1985-08-06,19:57:20,revisado
1985-08-06,18:17:59,no calculable,14.51,-92.31,33.0,"25 km al SUROESTE de CD HIDALGO, CHIS",1985-08-07,00:17:59,revisado
1985-08-06,19:34:49,no calculable,15.87,-94.02,33.0,"37 km al SUROESTE de TONALA, CHIS",1985-08-07,01:34:49,revisado
1985-08-07,03:44:09,no calculable,15.29,-93.62,33.0,"62 km al SUROESTE de PIJIJIAPAN, CHIS",1985-08-07,09:44:09,revisado
1985-08-08,07:00:50,no calculable,17.66,-94.24,33.0,"32 km al SUROESTE de LAS CHOAPAS, VER",1985-08-08,13:00:50,revisado
1985-08-08,08:00:44,no calculable,16.15,-95.25,15.0,"7 km al SUROESTE de SALINA CRUZ, OAX",1985-08-08,14:00:44,revisado
1985-08-08,10:34:05,no calculable,17.47,-95.09,60.0,"48 km al SUROESTE de SAYULA DE ALEMAN, VER",1985-08-08,16:34:05,revisado
1985-08-08,14:57:49,no calculable,25.28,-102.36,33.0,"25 km al SUROESTE de PARRAS DE LA FUENTE, COAH",1985-08-08,20:57:49,revisado
1985-08-08,15:36:24,no calculable,15.55,-95.44,33.0,"75 km al SUROESTE de SALINA CRUZ, OAX",1985-08-08,21:36:24,revisado
1985-08-08,16:12:01,no calculable,15.45,-93.45,33.0,"37 km al SUROESTE de PIJIJIAPAN, CHIS",1985-08-08,22:12:01,revisado
1985-08-08,17:49:20,no calculable,15.19,-93.71,33.0,"77 km al SUROESTE de PIJIJIAPAN, CHIS",1985-08-08,23:49:20,revisado
1985-08-08,19:30:58,3.5,15.59,-96.81,33.0,"41 km al SUROESTE de S PEDRO POCHUTLA, OAX",1985-08-09,01:30:58,revisado
1985-08-08,19:51:45,no calculable,13.27,-91.98,33.0,"157 km al SUR de CD HIDALGO, CHIS",1985-08-09,01:51:45,revisado
1985-08-08,20:32:18,no calculable,15.58,-94.54,33.0,"97 km al SURESTE de SALINA CRUZ, OAX",1985-08-09,02:32:18,revisado
1985-08-09,05:19:14,no calculable,17.63,-94.76,33.0,"35 km al SURESTE de SAYULA DE ALEMAN, VER",1985-08-09,11:19:14,revisado
1985-08-09,09:25:05,no calculable,14.28,-92.8,33.0,"83 km al SUROESTE de CD HIDALGO, CHIS",1985-08-09,15:25:05,revisado
1985-08-09,12:35:22,no calculable,17.66,-94.92,33.0,"25 km al SUR de SAYULA DE ALEMAN, VER",1985-08-09,18:35:22,revisado
1985-08-09,16:03:21,no calculable,15.47,-93.21,33.0,"24 km al SUR de PIJIJIAPAN, CHIS",1985-08-09,22:03:21,revisado
1985-08-09,17:34:22,no calculable,15.09,-92.81,33.0,"37 km al OESTE de HUIXTLA, CHIS",1985-08-09,23:34:22,revisado
1985-08-09,19:42:10,no calculable,15.36,-98.21,33.0,"110 km al SUR de PINOTEPA NACIONAL, OAX",1985-08-10,01:42:10,revisado
1985-08-09,22:05:32,no calculable,19.2,-93.85,15.0,"111 km al NOROESTE de PARAISO, TAB",1985-08-10,04:05:32,revisado
1985-08-09,22:40:31,no calculable,16.56,-100.56,33.0,"71 km al SUROESTE de COYUCA DE BENITEZ, GRO",1985-08-10,04:40:31,revisado
1985-08-10,03:00:36,no calculable,16.55,-93.62,70.0,"19 km al SURESTE de CINTALAPA, CHIS",1985-08-10,09:00:36,revisado
1985-08-10,06:04:46,no calculable,17.2,-93.9,144.0,"59 km al NOROESTE de CINTALAPA, CHIS",1985-08-10,12:04:46,revisado
1985-08-10,18:15:11,no calculable,16.79,-95.49,33.0,"49 km al NOROESTE de CD IXTEPEC, OAX",1985-08-11,00:15:11,revisado
1985-08-10,20:49:30,no calculable,13.34,-91.66,33.0,"157 km al SURESTE de CD HIDALGO, CHIS",1985-08-11,02:49:30,revisado
1985-08-10,22:34:14,no calculable,17.3,-94.05,33.0,"68 km al SUR de LAS CHOAPAS, VER",1985-08-11,04:34:14,revisado
1985-08-11,01:15:32,no calculable,15.15,-93.15,70.0,"43 km al SUROESTE de MAPASTEPEC, CHIS",1985-08-11,07:15:32,revisado
1985-08-11,08:01:17,no calculable,15.81,-94.39,33.0,"70 km al SUROESTE de ARRIAGA , CHIS",1985-08-11,14:01:17,revisado
1985-08-11,10:42:59,no calculable,18.22,-103.33,5.0,"64 km al SUROESTE de COALCOMAN, MICH",1985-08-11,16:42:59,revisado
1985-08-11,14:48:10,no calculable,15.68,-95.05,33.0,"58 km al SURESTE de SALINA CRUZ, OAX",1985-08-11,20:48:10,revisado
1985-08-11,16:51:15,no calculable,17.29,-101.44,33.0,"33 km al SUROESTE de PETATLAN, GRO",1985-08-11,22:51:15,revisado
1985-08-12,03:03:02,no calculable,15.59,-94.03,33.0,"62 km al SUROESTE de TONALA, CHIS",1985-08-12,09:03:02,revisado
1985-08-12,14:53:29,no calculable,16.09,-98.23,33.0,"34 km al SUROESTE de PINOTEPA NACIONAL, OAX",1985-08-12,20:53:29,revisado
1985-08-12,19:17:56,no calculable,17.4,-94.44,111.0,"66 km al SUR de MINATITLAN, VER",1985-08-13,01:17:56,revisado
1985-08-13,01:16:07,no calculable,15.56,-93.14,33.0,"16 km al SURESTE de PIJIJIAPAN, CHIS",1985-08-13,07:16:07,revisado
1985-08-13,02:17:34,no calculable,17.75,-88.61,33.0,"89 km al SUROESTE de CHETUMAL, QR",1985-08-13,08:17:34,revisado
1985-08-13,03:57:44,no calculable,15.14,-92.89,33.0,"33 km al SUR de MAPASTEPEC, CHIS",1985-08-13,09:57:44,revisado
1985-08-13,05:42:29,no calculable,17.42,-94.58,70.0,"62 km al SUR de JALTIPAN DE MORELOS, VER",1985-08-13,11:42:29,revisado
1985-08-14,01:12:14,no calculable,17.52,-101.36,15.0,"9 km al OESTE de PETATLAN, GRO",1985-08-14,07:12:14,revisado
1985-08-14,03:01:01,no calculable,14.03,-93.85,33.0,"187 km al SUROESTE de MAPASTEPEC, CHIS",1985-08-14,09:01:01,revisado
1985-08-14,07:20:13,no calculable,32.58,-117.03,15.0,"5 km al NORTE de TIJUANA, BC",1985-08-14,13:20:13,revisado
1985-08-14,08:44:52,no calculable,14.98,-92.76,70.0,"36 km al SUROESTE de HUIXTLA, CHIS",1985-08-14,14:44:52,revisado
1985-08-14,09:42:19,no calculable,15.56,-94.78,33.0,"82 km al SURESTE de SALINA CRUZ, OAX",1985-08-14,15:42:19,revisado
1985-08-14,11:08:24,no calculable,16.85,-100.0,5.0,"11 km al OESTE de ACAPULCO, GRO",1985-08-14,17:08:24,revisado
1985-08-14,23:36:45,no calculable,15.64,-98.81,15.0,"112 km al SUROESTE de PINOTEPA NACIONAL, OAX",1985-08-15,05:36:45,revisado
1985-08-15,06:12:52,no calculable,14.53,-92.53,33.0,"44 km al SUROESTE de CD HIDALGO, CHIS",1985-08-15,12:12:52,revisado
1985-08-15,06:26:42,no calculable,17.23,-99.91,15.0,"31 km al NORESTE de COYUCA DE BENITEZ, GRO",1985-08-15,12:26:42,revisado
1985-08-15,07:50:17,no calculable,17.48,-99.13,33.0,"14 km al SURESTE de CHILAPA DE ALVAREZ, GRO",1985-08-15,13:50:17,revisado
1985-08-15,08:34:55,no calculable,15.45,-93.3,33.0,"28 km al SUROESTE de PIJIJIAPAN, CHIS",1985-08-15,14:34:55,revisado
1985-08-15,17:12:56,no calculable,17.43,-96.3,33.0,"56 km al NORESTE de TLACOLULA, OAX",1985-08-15,23:12:56,revisado
1985-08-15,18:14:00,no calculable,15.41,-93.01,33.0,"13 km al SUROESTE de MAPASTEPEC, CHIS",1985-08-16,00:14:00,revisado
1985-08-16,03:32:59,no calculable,14.26,-92.67,33.0,"73 km al SUROESTE de CD HIDALGO, CHIS",1985-08-16,09:32:59,revisado
1985-08-16,05:59:48,no calculable,18.55,-100.99,33.0,"13 km al SUROESTE de HUETAMO, MICH",1985-08-16,11:59:48,revisado
1985-08-16,10:23:02,no calculable,15.53,-93.53,33.0,"38 km al SUROESTE de PIJIJIAPAN, CHIS",1985-08-16,16:23:02,revisado
1985-08-16,21:06:35,no calculable,17.21,-94.13,33.0,"72 km al NOROESTE de CINTALAPA, CHIS",1985-08-17,03:06:35,revisado
1985-08-17,02:41:07,no calculable,13.97,-92.46,33.0,"85 km al SUROESTE de CD HIDALGO, CHIS",1985-08-17,08:41:07,revisado
1985-08-17,10:12:47,no calculable,15.78,-94.7,33.0,"69 km al SURESTE de SALINA CRUZ, OAX",1985-08-17,16:12:47,revisado
1985-08-17,13:00:13,no calculable,17.31,-94.65,70.0,"64 km al NORESTE de MATIAS ROMERO, OAX",1985-08-17,19:00:13,revisado
1985-08-17,14:47:06,no calculable,15.41,-93.61,100.0,"53 km al SUROESTE de PIJIJIAPAN, CHIS",1985-08-17,20:47:06,revisado
1985-08-17,17:57:59,no calculable,16.62,-99.25,15.0,"24 km al SURESTE de SAN MARCOS, GRO",1985-08-17,23:57:59,revisado
1985-08-17,19:57:35,no calculable,13.94,-91.92,33.0,"85 km al SURESTE de CD HIDALGO, CHIS",1985-08-18,01:57:35,revisado
1985-08-17,23:34:05,no calculable,15.93,-95.59,33.0,"51 km al SUROESTE de SALINA CRUZ, OAX",1985-08-18,05:34:05,revisado
1985-08-18,00:02:11,no calculable,16.95,-96.19,33.0,"30 km al ESTE de TLACOLULA, OAX",1985-08-18,06:02:11,revisado
1985-08-18,05:41:58,no calculable,15.77,-93.86,33.0,"37 km al SUROESTE de TONALA, CHIS",1985-08-18,11:41:58,revisado
1985-08-18,06:06:08,no calculable,17.65,-95.31,45.0,"39 km al SUR de J RODRIGUEZ CLARA, VER",1985-08-18,12:06:08,revisado
1985-08-18,09:45:55,no calculable,17.58,-101.22,15.0,"7 km al NORESTE de PETATLAN, GRO",1985-08-18,15:45:55,revisado
1985-08-18,10:51:23,no calculable,17.85,-96.0,5.0,"29 km al SURESTE de TUXTEPEC, OAX",1985-08-18,16:51:23,revisado
1985-08-18,14:47:04,no calculable,14.67,-92.8,70.0,"63 km al SUROESTE de HUIXTLA, CHIS",1985-08-18,20:47:04,revisado
1985-08-18,17:15:05,4.7,13.95,-91.59,120.0,"101 km al SURESTE de CD HIDALGO, CHIS",1985-08-18,23:15:05,revisado
1985-08-18,20:58:26,no calculable,17.77,-99.73,15.0,"25 km al NOROESTE de ZUMPANGO DEL RIO, GRO",1985-08-19,02:58:26,revisado
1985-08-18,22:08:01,no calculable,16.15,-94.2,70.0,"34 km al SUROESTE de ARRIAGA , CHIS",1985-08-19,04:08:01,revisado
1985-08-18,22:35:23,no calculable,17.26,-94.96,70.0,"44 km al NORTE de MATIAS ROMERO, OAX",1985-08-19,04:35:23,revisado
1985-08-19,03:03:15,no calculable,15.76,-95.5,33.0,"57 km al SUROESTE de SALINA CRUZ, OAX",1985-08-19,09:03:15,revisado
1985-08-19,12:18:08,no calculable,17.69,-95.05,5.0,"23 km al SUROESTE de SAYULA DE ALEMAN, VER",1985-08-19,18:18:08,revisado
1985-08-19,15:46:28,no calculable,15.99,-97.26,33.0,"19 km al ESTE de RIO GRANDE, OAX",1985-08-19,21:46:28,revisado
1985-08-19,16:39:01,no calculable,15.57,-94.61,33.0,"92 km al SURESTE de SALINA CRUZ, OAX",1985-08-19,22:39:01,revisado
1985-08-19,16:51:34,no calculable,17.9,-95.12,70.0,"17 km al OESTE de SAYULA DE ALEMAN, VER",1985-08-19,22:51:34,revisado
1985-08-19,20:03:50,no calculable,15.74,-97.4,33.0,"30 km al SUR de RIO GRANDE, OAX",1985-08-20,02:03:50,revisado
1985-08-19,20:09:55,no calculable,15.8,-97.3,33.0,"26 km al SUROESTE de PUERTO ESCONDIDO, OAX",1985-08-20,02:09:55,revisado
1985-08-19,21:30:20,no calculable,15.99,-96.92,15.0,"21 km al NORESTE de PUERTO ESCONDIDO, OAX",1985-08-20,03:30:20,revisado
1985-08-19,23:57:16,no calculable,17.6,-95.42,33.0,"43 km al SUR de J RODRIGUEZ CLARA, VER",1985-08-20,05:57:16,revisado
1985-08-20,01:44:32,no calculable,15.39,-95.73,33.0,"60 km al SURESTE de CRUCECITA, OAX",1985-08-20,07:44:32,revisado
1985-08-20,03:57:52,no calculable,15.77,-94.4,33.0,"74 km al SUROESTE de ARRIAGA , CHIS",1985-08-20,09:57:52,revisado
1985-08-20,07:06:50,no calculable,17.58,-94.39,33.0,"48 km al SUROESTE de LAS CHOAPAS, VER",1985-08-20,13:06:50,revisado
1985-08-20,13:19:30,no calculable,16.02,-94.33,33.0,"52 km al SUROESTE de ARRIAGA , CHIS",1985-08-20,19:19:30,revisado
1985-08-20,14:17:27,no calculable,15.31,-93.53,33.0,"54 km al SUROESTE de PIJIJIAPAN, CHIS",1985-08-20,20:17:27,revisado
1985-08-20,14:52:54,no calculable,14.82,-93.7,33.0,"109 km al SUROESTE de PIJIJIAPAN, CHIS",1985-08-20,20:52:54,revisado
1985-08-20,15:19:39,no calculable,15.73,-94.1,33.0,"54 km al SUROESTE de TONALA, CHIS",1985-08-20,21:19:39,revisado
1985-08-20,18:19:03,no calculable,32.19,-116.56,8.0,"37 km al NORTE de ENSENADA, BC",1985-08-21,00:19:03,revisado
1985-08-20,18:24:44,no calculable,17.65,-94.74,22.0,"35 km al SURESTE de SAYULA DE ALEMAN, VER",1985-08-21,00:24:44,revisado
1985-08-20,20:00:24,no calculable,14.82,-93.43,33.0,"90 km al SUROESTE de MAPASTEPEC, CHIS",1985-08-21,02:00:24,revisado
1985-08-20,23:04:38,no calculable,16.26,-96.07,33.0,"55 km al NORTE de CRUCECITA, OAX",1985-08-21,05:04:38,revisado
1985-08-20,23:14:41,no calculable,17.79,-101.49,33.0,"17 km al NORESTE de ZIHUATANEJO, GRO",1985-08-21,05:14:41,revisado
1985-08-21,01:35:40,no calculable,17.54,-94.64,33.0,"48 km al SUR de JALTIPAN DE MORELOS, VER",1985-08-21,07:35:40,revisado
1985-08-21,01:54:36,no calculable,32.14,-116.53,8.0,"32 km al NORTE de ENSENADA, BC",1985-08-21,07:54:36,revisado
1985-08-21,03:14:18,no calculable,14.92,-92.19,33.0,"8 km al ESTE de TAPACHULA, CHIS",1985-08-21,09:14:18,revisado
1985-08-21,12:12:55,no calculable,17.8,-95.0,70.0,"10 km al SUROESTE de SAYULA DE ALEMAN, VER",1985-08-21,18:12:55,revisado
1985-08-21,17:32:17,no calculable,17.11,-100.29,33.0,"19 km al SURESTE de ATOYAC DE ALVAREZ, GRO",1985-08-21,23:32:17,revisado
1985-08-21,22:17:34,no calculable,15.46,-93.49,33.0,"39 km al SUROESTE de PIJIJIAPAN, CHIS",1985-08-22,04:17:34,revisado
1985-08-21,23:03:23,no calculable,17.54,-101.56,15.0,"12 km al SUR de ZIHUATANEJO, GRO",1985-08-22,05:03:23,revisado
1985-08-21,23:13:28,no calculable,15.52,-98.53,5.0,"104 km al SUROESTE de PINOTEPA NACIONAL, OAX",1985-08-22,05:13:28,revisado
1985-08-22,10:41:00,no calculable,17.8,-94.5,33.0,"22 km al SURESTE de MINATITLAN, VER",1985-08-22,16:41:00,revisado
1985-08-22,11:45:29,no calculable,15.6,-93.66,33.0,"49 km al OESTE de PIJIJIAPAN, CHIS",1985-08-22,17:45:29,revisado
1985-08-22,13:50:53,no calculable,17.25,-101.13,25.0,"35 km al SURESTE de PETATLAN, GRO",1985-08-22,19:50:53,revisado
1985-08-22,17:58:05,no calculable,15.33,-93.52,33.0,"52 km al SUROESTE de PIJIJIAPAN, CHIS",1985-08-22,23:58:05,revisado
1985-08-22,21:02:29,no calculable,15.94,-94.26,33.0,"50 km al SUROESTE de ARRIAGA , CHIS",1985-08-23,03:02:29,revisado
1985-08-23,01:06:36,no calculable,18.07,-100.85,29.0,"37 km al SUROESTE de CD ALTAMIRANO, GRO",1985-08-23,07:06:36,revisado
1985-08-23,11:21:08,no calculable,31.67,-115.79,8.0,"74 km al ESTE de RODOLFO SANCHEZ T(MRO), BC",1985-08-23,17:21:08,revisado
1985-08-23,21:28:16,no calculable,15.93,-95.4,33.0,"35 km al SUROESTE de SALINA CRUZ, OAX",1985-08-24,03:28:16,revisado
1985-08-23,23:48:08,no calculable,17.91,-94.65,80.0,"9 km al SURESTE de JALTIPAN DE MORELOS, VER",1985-08-24,05:48:08,revisado
1985-08-24,02:46:38,no calculable,17.4,-95.52,33.0,"67 km al SUR de J RODRIGUEZ CLARA, VER",1985-08-24,08:46:38,revisado
1985-08-24,04:58:23,no calculable,16.34,-87.32,33.0,"261 km al SURESTE de CHETUMAL, QR",1985-08-24,10:58:23,revisado
1985-08-24,05:30:16,no calculable,13.17,-91.27,33.0,"192 km al SURESTE de CD HIDALGO, CHIS",1985-08-24,11:30:16,revisado
1985-08-24,14:27:13,5.2,21.75,-108.42,9.0,"197 km al SURESTE de SAN JOSE DEL CABO, BCS",1985-08-24,20:27:13,revisado
1985-08-24,18:18:21,no calculable,15.65,-94.15,33.0,"64 km al SUROESTE de TONALA, CHIS",1985-08-25,00:18:21,revisado
1985-08-24,22:21:04,no calculable,15.03,-93.6,33.0,"84 km al SUROESTE de PIJIJIAPAN, CHIS",1985-08-25,04:21:04,revisado
1985-08-24,23:50:47,no calculable,15.75,-93.89,33.0,"40 km al SUROESTE de TONALA, CHIS",1985-08-25,05:50:47,revisado
1985-08-24,23:51:06,no calculable,31.74,-115.82,8.0,"71 km al ESTE de RODOLFO SANCHEZ T(MRO), BC",1985-08-25,05:51:06,revisado
1985-08-25,14:15:08,no calculable,17.58,-95.34,70.0,"46 km al SUR de J RODRIGUEZ CLARA, VER",1985-08-25,20:15:08,revisado
1985-08-25,18:49:42,no calculable,17.57,-94.35,80.0,"46 km al SUROESTE de LAS CHOAPAS, VER",1985-08-26,00:49:42,revisado
1985-08-26,06:04:35,no calculable,14.68,-94.06,33.0,"144 km al SUROESTE de PIJIJIAPAN, CHIS",1985-08-26,12:04:35,revisado
1985-08-26,06:10:55,no calculable,15.15,-94.46,33.0,"128 km al SUROESTE de TONALA, CHIS",1985-08-26,12:10:55,revisado
1985-08-26,07:44:21,no calculable,17.65,-94.99,33.0,"26 km al SUR de SAYULA DE ALEMAN, VER",1985-08-26,13:44:21,revisado
1985-08-26,10:58:14,no calculable,17.76,-102.14,15.0,"23 km al SURESTE de CD LAZARO CARDENAS, MICH",1985-08-26,16:58:14,revisado
1985-08-26,17:30:47,no calculable,15.48,-94.86,33.0,"86 km al SURESTE de SALINA CRUZ, OAX",1985-08-26,23:30:47,revisado
1985-08-26,20:39:57,no calculable,14.66,-93.44,33.0,"105 km al SUROESTE de MAPASTEPEC, CHIS",1985-08-27,02:39:57,revisado
1985-08-26,21:42:53,no calculable,13.96,-91.35,33.0,"117 km al SURESTE de CD HIDALGO, CHIS",1985-08-27,03:42:53,revisado
1985-08-26,21:50:52,no calculable,13.9,-92.12,33.0,"86 km al SUR de CD HIDALGO, CHIS",1985-08-27,03:50:52,revisado
1985-08-27,00:13:31,no calculable,18.63,-102.06,15.0,"44 km al SUR de NUEVA ITALIA, MICH",1985-08-27,06:13:31,revisado
1985-08-27,18:17:40,no calculable,15.64,-93.49,33.0,"31 km al OESTE de PIJIJIAPAN, CHIS",1985-08-28,00:17:40,revisado
1985-08-28,00:33:09,no calculable,15.75,-98.65,33.0,"91 km al SUROESTE de PINOTEPA NACIONAL, OAX",1985-08-28,06:33:09,revisado
1985-08-28,01:48:02,no calculable,16.97,-95.05,100.0,"11 km al NORTE de MATIAS ROMERO, OAX",1985-08-28,07:48:02,revisado
1985-08-28,10:39:10,no calculable,15.1,-96.45,5.0,"71 km al SUR de S PEDRO POCHUTLA, OAX",1985-08-28,16:39:10,revisado
1985-08-28,12:24:59,no calculable,15.89,-99.17,33.0,"103 km al SUR de SAN MARCOS, GRO",1985-08-28,18:24:59,revisado
1985-08-28,18:02:52,no calculable,16.56,-99.66,15.0,"39 km al SUROESTE de SAN MARCOS, GRO",1985-08-29,00:02:52,revisado
1985-08-28,22:55:04,no calculable,32.87,-115.5,9.0,"23 km al NORTE de MEXICALI, BC",1985-08-29,04:55:04,revisado
1985-08-29,18:54:30,no calculable,17.52,-95.59,33.0,"56 km al SUROESTE de J RODRIGUEZ CLARA, VER",1985-08-30,00:54:30,revisado
1985-08-29,21:21:58,no calculable,16.98,-101.7,25.0,"75 km al SUR de ZIHUATANEJO, GRO",1985-08-30,03:21:58,revisado
1985-08-29,21:26:36,4.5,17.73,-94.61,33.0,"28 km al SURESTE de JALTIPAN DE MORELOS, VER",1985-08-30,03:26:36,revisado
1985-08-30,01:27:55,4.5,17.57,-94.09,33.0,"38 km al SUR de LAS CHOAPAS, VER",1985-08-30,07:27:55,revisado
1985-08-30,04:12:19,no calculable,16.4,-98.25,15.0,"22 km al NOROESTE de PINOTEPA NACIONAL, OAX",1985-08-30,10:12:19,revisado
1985-08-30,09:20:26,no calculable,14.33,-91.92,33.0,"46 km al SURESTE de CD HIDALGO, CHIS",1985-08-30,15:20:26,revisado
1985-08-31,01:42:22,no calculable,15.66,-95.78,33.0,"40 km al SURESTE de CRUCECITA, OAX",1985-08-31,07:42:22,revisado
1985-08-31,23:30:41,no calculable,17.6,-96.98,83.0,"51 km al SURESTE de TEPELMEME, OAX",1985-09-01,05:30:41,revisado
1985-09-01,05:22:04,no calculable,15.35,-93.12,15.0,"27 km al SUROESTE de MAPASTEPEC, CHIS",1985-09-01,11:22:04,revisado
1985-09-02,13:28:55,4.8,15.16,-92.38,33.0,"10 km al ESTE de HUIXTLA, CHIS",1985-09-02,19:28:55,revisado
1985-09-02,20:44:37,no calculable,15.53,-93.71,33.0,"56 km al SUROESTE de PIJIJIAPAN, CHIS",1985-09-03,02:44:37,revisado
1985-09-02,23:07:58,no calculable,14.71,-96.03,33.0,"118 km al SUR de CRUCECITA, OAX",1985-09-03,05:07:58,revisado
1985-09-02,23:32:55,no calculable,14.83,-93.81,33.0,"115 km al SUROESTE de PIJIJIAPAN, CHIS",1985-09-03,05:32:55,revisado
1985-09-03,02:04:33,no calculable,15.8,-98.26,9.0,"64 km al SUROESTE de PINOTEPA NACIONAL, OAX",1985-09-03,08:04:33,revisado
1985-09-03,03:51:30,no calculable,15.01,-92.73,33.0,"32 km al SUROESTE de HUIXTLA, CHIS",1985-09-03,09:51:30,revisado
1985-09-03,04:57:41,no calculable,18.0,-102.35,9.0,"4 km al SUROESTE de LA MIRA, MICH",1985-09-03,10:57:41,revisado
1985-09-03,08:43:46,no calculable,16.22,-94.32,60.0,"45 km al OESTE de ARRIAGA , CHIS",1985-09-03,14:43:46,revisado
1985-09-03,14:58:58,no calculable,13.84,-92.11,33.0,"93 km al SUR de CD HIDALGO, CHIS",1985-09-03,20:58:58,revisado
1985-09-03,15:20:02,no calculable,15.36,-93.25,33.0,"36 km al SUR de PIJIJIAPAN, CHIS",1985-09-03,21:20:02,revisado
1985-09-03,15:26:49,no calculable,19.55,-99.69,5.0,"19 km al NOROESTE de V CUAUHTEMOC, MEX",1985-09-03,21:26:49,revisado
1985-09-03,19:38:01,no calculable,16.54,-98.36,33.0,"17 km al SURESTE de OMETEPEC, GRO",1985-09-04,01:38:01,revisado
1985-09-03,20:23:34,no calculable,15.31,-93.27,33.0,"42 km al SUR de PIJIJIAPAN, CHIS",1985-09-04,02:23:34,revisado
1985-09-03,23:07:59,no calculable,17.73,-94.24,60.0,"25 km al SUROESTE de LAS CHOAPAS, VER",1985-09-04,05:07:59,revisado
1985-09-04,03:16:22,no calculable,15.39,-94.71,33.0,"102 km al SURESTE de SALINA CRUZ, OAX",1985-09-04,09:16:22,revisado
1985-09-04,07:27:48,no calculable,17.58,-101.78,33.0,"25 km al SUROESTE de ZIHUATANEJO, GRO",1985-09-04,13:27:48,revisado
1985-09-04,10:25:58,2.8,30.5,-116.31,8.0,"36 km al OESTE de LAZARO CARDENAS, BC",1985-09-04,16:25:58,revisado
1985-09-04,11:20:41,no calculable,16.1,-95.73,33.0,"57 km al NORESTE de CRUCECITA, OAX",1985-09-04,17:20:41,revisado
1985-09-04,20:26:07,no calculable,16.84,-96.08,33.0,"44 km al SURESTE de TLACOLULA, OAX",1985-09-05,02:26:07,revisado
1985-09-05,01:31:49,no calculable,16.16,-94.93,60.0,"29 km al ESTE de SALINA CRUZ, OAX",1985-09-05,07:31:49,revisado
1985-09-05,02:36:37,no calculable,15.67,-93.94,33.0,"50 km al SUROESTE de TONALA, CHIS",1985-09-05,08:36:37,revisado
1985-09-05,07:46:27,2.4,32.05,-116.31,8.0,"35 km al NORESTE de ENSENADA, BC",1985-09-05,13:46:27,revisado
1985-09-05,08:47:10,2.3,32.05,-116.3,8.0,"36 km al NORESTE de ENSENADA, BC",1985-09-05,14:47:10,revisado
1985-09-05,08:47:57,no calculable,17.29,-94.93,33.0,"48 km al NORTE de MATIAS ROMERO, OAX",1985-09-05,14:47:57,revisado
1985-09-05,10:14:41,no calculable,16.75,-100.05,33.0,"21 km al SUROESTE de ACAPULCO, GRO",1985-09-05,16:14:41,revisado
1985-09-05,21:30:37,no calculable,16.35,-94.22,33.0,"37 km al NOROESTE de ARRIAGA , CHIS",1985-09-06,03:30:37,revisado
1985-09-06,05:40:57,no calculable,15.91,-95.52,33.0,"46 km al SUROESTE de SALINA CRUZ, OAX",1985-09-06,11:40:57,revisado
1985-09-06,06:00:21,no calculable,15.64,-98.46,15.0,"89 km al SUROESTE de PINOTEPA NACIONAL, OAX",1985-09-06,12:00:21,revisado
1985-09-06,07:17:13,no calculable,15.81,-98.24,9.0,"62 km al SUROESTE de PINOTEPA NACIONAL, OAX",1985-09-06,13:17:13,revisado
1985-09-06,13:11:19,2.8,30.41,-116.72,8.0,"77 km al OESTE de LAZARO CARDENAS, BC",1985-09-06,19:11:19,revisado
1985-09-06,16:17:43,no calculable,15.65,-94.48,60.0,"90 km al SUROESTE de ARRIAGA , CHIS",1985-09-06,22:17:43,revisado
1985-09-06,16:58:43,no calculable,15.38,-93.04,33.0,"17 km al SUROESTE de MAPASTEPEC, CHIS",1985-09-06,22:58:43,revisado
1985-09-06,18:16:10,no calculable,15.81,-99.88,33.0,"117 km al SUR de ACAPULCO, GRO",1985-09-07,00:16:10,revisado
1985-09-06,22:38:39,no calculable,14.82,-93.96,33.0,"125 km al SUROESTE de PIJIJIAPAN, CHIS",1985-09-07,04:38:39,revisado
1985-09-07,07:05:35,2.5,32.04,-116.28,8.0,"37 km al NORESTE de ENSENADA, BC",1985-09-07,13:05:35,revisado
1985-09-07,09:54:41,no calculable,18.49,-102.76,9.0,"53 km al SURESTE de COALCOMAN, MICH",1985-09-07,15:54:41,revisado
1985-09-07,10:08:07,no calculable,17.23,-94.83,60.0,"46 km al NORESTE de MATIAS ROMERO, OAX",1985-09-07,16:08:07,revisado
1985-09-07,13:38:55,2.7,30.49,-116.35,8.0,"40 km al OESTE de LAZARO CARDENAS, BC",1985-09-07,19:38:55,revisado
1985-09-07,15:02:01,no calculable,14.22,-92.83,33.0,"89 km al SUROESTE de CD HIDALGO, CHIS",1985-09-07,21:02:01,revisado
1985-09-07,18:00:14,no calculable,15.19,-94.36,33.0,"118 km al SUROESTE de TONALA, CHIS",1985-09-08,00:00:14,revisado
1985-09-07,21:22:08,no calculable,13.12,-90.57,33.0,"243 km al SURESTE de CD HIDALGO, CHIS",1985-09-08,03:22:08,revisado
1985-09-08,00:29:10,no calculable,16.27,-96.5,33.0,"12 km al SURESTE de MIAHUATLAN, OAX",1985-09-08,06:29:10,revisado
1985-09-08,09:11:42,no calculable,15.69,-93.95,33.0,"49 km al SUROESTE de TONALA, CHIS",1985-09-08,15:11:42,revisado
1985-09-08,09:30:02,no calculable,14.68,-91.93,90.0,"24 km al ESTE de CD HIDALGO, CHIS",1985-09-08,15:30:02,revisado
1985-09-08,11:19:28,no calculable,17.23,-95.19,33.0,"43 km al NOROESTE de MATIAS ROMERO, OAX",1985-09-08,17:19:28,revisado
1985-09-08,21:49:41,no calculable,15.58,-93.19,33.0,"12 km al SUR de PIJIJIAPAN, CHIS",1985-09-09,03:49:41,revisado
1985-09-08,21:53:05,no calculable,14.92,-92.69,33.0,"34 km al SUROESTE de HUIXTLA, CHIS",1985-09-09,03:53:05,revisado
1985-09-08,22:40:30,no calculable,14.24,-93.13,33.0,"116 km al SUROESTE de CD HIDALGO, CHIS",1985-09-09,04:40:30,revisado
1985-09-08,23:40:30,no calculable,15.67,-94.03,33.0,"55 km al SUROESTE de TONALA, CHIS",1985-09-09,05:40:30,revisado
1985-09-09,00:32:16,no calculable,14.81,-93.56,33.0,"100 km al SUROESTE de MAPASTEPEC, CHIS",1985-09-09,06:32:16,revisado
1985-09-09,02:40:20,no calculable,15.95,-94.15,33.0,"41 km al SUROESTE de ARRIAGA , CHIS",1985-09-09,08:40:20,revisado
1985-09-09,02:54:56,no calculable,17.26,-94.39,157.0,"78 km al SUROESTE de LAS CHOAPAS, VER",1985-09-09,08:54:56,revisado
1985-09-09,06:26:36,no calculable,13.93,-92.88,33.0,"114 km al SUROESTE de CD HIDALGO, CHIS",1985-09-09,12:26:36,revisado
1985-09-09,11:21:44,no calculable,14.4,-93.0,33.0,"96 km al SUROESTE de CD HIDALGO, CHIS",1985-09-09,17:21:44,revisado
1985-09-09,12:26:34,no calculable,15.42,-96.81,33.0,"51 km al SUROESTE de S PEDRO POCHUTLA, OAX",1985-09-09,18:26:34,revisado
1985-09-09,16:05:42,no calculable,17.49,-94.17,33.0,"47 km al SUR de LAS CHOAPAS, VER",1985-09-09,22:05:42,revisado
1985-09-09,18:18:18,no calculable,17.01,-95.15,70.0,"19 km al NOROESTE de MATIAS ROMERO, OAX",1985-09-10,00:18:18,revisado
1985-09-09,19:51:43,no calculable,15.6,-95.75,33.0,"45 km al SURESTE de CRUCECITA, OAX",1985-09-10,01:51:43,revisado
1985-09-10,00:58:33,no calculable,15.77,-95.02,33.0,"49 km al SURESTE de SALINA CRUZ, OAX",1985-09-10,06:58:33,revisado
1985-09-10,05:52:48,no calculable,15.3,-93.11,33.0,"28 km al SUROESTE de MAPASTEPEC, CHIS",1985-09-10,11:52:48,revisado
1985-09-10,20:06:54,no calculable,16.7,-98.29,16.0,"12 km al ESTE de OMETEPEC, GRO",1985-09-11,02:06:54,revisado
1985-09-11,00:00:06,no calculable,15.9,-93.85,60.0,"23 km al SUROESTE de TONALA, CHIS",1985-09-11,06:00:06,revisado
1985-09-11,04:06:27,no calculable,14.63,-91.73,33.0,"46 km al ESTE de CD HIDALGO, CHIS",1985-09-11,10:06:27,revisado
1985-09-11,05:07:17,no calculable,15.77,-94.96,33.0,"52 km al SURESTE de SALINA CRUZ, OAX",1985-09-11,11:07:17,revisado
1985-09-11,10:01:36,no calculable,14.82,-93.12,33.0,"73 km al SUROESTE de MAPASTEPEC, CHIS",1985-09-11,16:01:36,revisado
1985-09-11,17:11:38,no calculable,14.7,-93.36,33.0,"96 km al SUROESTE de MAPASTEPEC, CHIS",1985-09-11,23:11:38,revisado
1985-09-11,17:43:17,no calculable,16.05,-98.22,9.0,"37 km al SUROESTE de PINOTEPA NACIONAL, OAX",1985-09-11,23:43:17,revisado
1985-09-11,21:09:32,no calculable,15.9,-95.39,33.0,"38 km al SUROESTE de SALINA CRUZ, OAX",1985-09-12,03:09:32,revisado
1985-09-12,10:18:56,no calculable,15.1,-94.37,33.0,"127 km al SUROESTE de TONALA, CHIS",1985-09-12,16:18:56,revisado
1985-09-12,10:26:14,no calculable,14.67,-92.69,33.0,"53 km al SUROESTE de TAPACHULA, CHIS",1985-09-12,16:26:14,revisado
1985-09-12,14:43:57,no calculable,17.03,-94.41,60.0,"69 km al ESTE de MATIAS ROMERO, OAX",1985-09-12,20:43:57,revisado
1985-09-12,17:49:22,no calculable,14.87,-92.75,60.0,"43 km al SUROESTE de HUIXTLA, CHIS",1985-09-12,23:49:22,revisado
1985-09-12,22:47:13,no calculable,15.75,-93.84,33.0,"38 km al SUR de TONALA, CHIS",1985-09-13,04:47:13,revisado
1985-09-13,02:45:26,no calculable,16.66,-94.62,80.0,"30 km al NORESTE de UNION HIDALGO, OAX",1985-09-13,08:45:26,revisado
1985-09-13,06:06:29,no calculable,17.58,-94.29,33.0,"42 km al SUROESTE de LAS CHOAPAS, VER",1985-09-13,12:06:29,revisado
1985-09-13,08:47:43,no calculable,17.41,-101.54,33.0,"26 km al SUR de ZIHUATANEJO, GRO",1985-09-13,14:47:43,revisado
1985-09-13,12:19:37,no calculable,15.61,-95.69,33.0,"51 km al SURESTE de CRUCECITA, OAX",1985-09-13,18:19:37,revisado
1985-09-13,13:58:48,no calculable,16.03,-94.15,33.0,"35 km al SUROESTE de ARRIAGA , CHIS",1985-09-13,19:58:48,revisado
1985-09-14,11:06:39,no calculable,16.09,-94.0,33.0,"19 km al SUROESTE de ARRIAGA , CHIS",1985-09-14,17:06:39,revisado
1985-09-14,14:04:06,no calculable,17.7,-98.26,33.0,"38 km al NORESTE de TLAPA, GRO",1985-09-14,20:04:06,revisado
1985-09-14,17:39:30,no calculable,17.64,-101.22,33.0,"13 km al NORESTE de PETATLAN, GRO",1985-09-14,23:39:30,revisado
1985-09-15,01:57:53,5.9,17.75,-97.28,56.0,"16 km al SURESTE de TEPELMEME, OAX",1985-09-15,07:57:53,revisado
1985-09-15,08:21:10,no calculable,17.09,-95.32,33.0,"38 km al NOROESTE de MATIAS ROMERO, OAX",1985-09-15,14:21:10,revisado
1985-09-15,20:42:04,no calculable,16.68,-95.27,105.0,"22 km al NOROESTE de CD IXTEPEC, OAX",1985-09-16,02:42:04,revisado
1985-09-16,11:12:34,no calculable,14.33,-92.62,33.0,"64 km al SUROESTE de CD HIDALGO, CHIS",1985-09-16,17:12:34,revisado
1985-09-17,04:39:29,4.7,13.56,-91.15,33.0,"164 km al SURESTE de CD HIDALGO, CHIS",1985-09-17,10:39:29,revisado
1985-09-18,18:06:27,no calculable,16.81,-101.72,33.0,"93 km al SUROESTE de PETATLAN, GRO",1985-09-19,00:06:27,revisado
1985-09-19,07:17:49,8.1,18.419,-102.468,15.0,"45 km al NOROESTE de LA MIRA, MICH",1985-09-19,13:17:49,revisado
1985-09-19,07:39:16,no calculable,16.59,-102.34,33.0,"144 km al SUROESTE de ZIHUATANEJO, GRO",1985-09-19,13:39:16,revisado
1985-09-19,08:15:19,no calculable,17.87,-103.51,33.0,"107 km al SUROESTE de COALCOMAN, MICH",1985-09-19,14:15:19,revisado
1985-09-19,08:49:34,no calculable,17.38,-102.75,33.0,"85 km al SUROESTE de LA MIRA, MICH",1985-09-19,14:49:34,revisado
1985-09-19,09:26:59,4.0,17.63,-102.06,16.0,"39 km al SURESTE de CD LAZARO CARDENAS, MICH",1985-09-19,15:26:59,revisado
1985-09-19,09:50:45,4.8,17.71,-102.13,33.0,"28 km al SURESTE de CD LAZARO CARDENAS, MICH",1985-09-19,15:50:45,revisado
1985-09-19,10:02:21,no calculable,17.9,-101.96,16.0,"27 km al ESTE de CD LAZARO CARDENAS, MICH",1985-09-19,16:02:21,revisado
1985-09-19,10:06:38,4.0,18.48,-102.16,16.0,"51 km al NORTE de LAS GUACAMAYAS, MICH",1985-09-19,16:06:38,revisado
1985-09-19,10:38:27,no calculable,17.33,-102.04,33.0,"62 km al SUROESTE de ZIHUATANEJO, GRO",1985-09-19,16:38:27,revisado
1985-09-19,10:45:51,no calculable,17.49,-102.0,16.0,"51 km al SUROESTE de ZIHUATANEJO, GRO",1985-09-19,16:45:51,revisado
1985-09-19,11:19:41,no calculable,18.86,-103.04,33.0,"16 km al NORESTE de COALCOMAN, MICH",1985-09-19,17:19:41,revisado
1985-09-19,11:51:47,no calculable,16.81,-101.88,9.0,"99 km al SUROESTE de ZIHUATANEJO, GRO",1985-09-19,17:51:47,revisado
1985-09-19,11:57:49,no calculable,16.42,-102.1,16.0,"147 km al SUROESTE de ZIHUATANEJO, GRO",1985-09-19,17:57:49,revisado
1985-09-19,12:12:35,no calculable,17.81,-102.59,16.0,"37 km al SUROESTE de LA MIRA, MICH",1985-09-19,18:12:35,revisado
1985-09-19,12:26:20,4.2,18.16,-102.77,33.0,"48 km al NOROESTE de LA MIRA, MICH",1985-09-19,18:26:20,revisado
1985-09-19,12:29:26,5.0,17.24,-101.98,33.0,"64 km al SUROESTE de ZIHUATANEJO, GRO",1985-09-19,18:29:26,revisado
1985-09-19,12:43:33,no calculable,17.55,-101.77,33.0,"25 km al SUROESTE de ZIHUATANEJO, GRO",1985-09-19,18:43:33,revisado
1985-09-19,13:19:48,no calculable,17.65,-102.21,33.0,"34 km al SUR de CD LAZARO CARDENAS, MICH",1985-09-19,19:19:48,revisado
1985-09-19,13:22:51,no calculable,16.68,-102.01,33.0,"117 km al SUROESTE de ZIHUATANEJO, GRO",1985-09-19,19:22:51,revisado
1985-09-19,13:40:21,no calculable,17.8,-102.73,33.0,"50 km al SUROESTE de LA MIRA, MICH",1985-09-19,19:40:21,revisado
1985-09-19,13:51:44,4.4,17.69,-103.26,33.0,"106 km al SUROESTE de LA MIRA, MICH",1985-09-19,19:51:44,revisado
1985-09-19,15:10:47,no calculable,17.21,-103.11,33.0,"123 km al SUROESTE de LA MIRA, MICH",1985-09-19,21:10:47,revisado
1985-09-19,15:41:39,no calculable,17.09,-102.04,33.0,"80 km al SUROESTE de ZIHUATANEJO, GRO",1985-09-19,21:41:39,revisado
1985-09-19,16:59:13,3.6,17.67,-102.11,33.0,"33 km al SURESTE de CD LAZARO CARDENAS, MICH",1985-09-19,22:59:13,revisado
1985-09-19,17:44:50,no calculable,17.59,-101.92,16.0,"40 km al OESTE de ZIHUATANEJO, GRO",1985-09-19,23:44:50,revisado
1985-09-19,19:32:20,no calculable,17.73,-102.05,12.0,"30 km al SURESTE de CD LAZARO CARDENAS, MICH",1985-09-20,01:32:20,revisado
1985-09-19,21:34:48,4.7,17.14,-102.25,16.0,"90 km al SUR de CD LAZARO CARDENAS, MICH",1985-09-20,03:34:48,revisado
1985-09-19,21:42:30,4.5,17.22,-102.22,33.0,"81 km al SUR de CD LAZARO CARDENAS, MICH",1985-09-20,03:42:30,revisado
1985-09-19,22:54:19,no calculable,17.87,-102.08,33.0,"17 km al SURESTE de CD LAZARO CARDENAS, MICH",1985-09-20,04:54:19,revisado
1985-09-19,23:19:40,no calculable,18.85,-102.33,12.0,"26 km al SUR de APATZINGAN, MICH",1985-09-20,05:19:40,revisado
1985-09-19,23:30:07,no calculable,17.97,-102.92,33.0,"63 km al OESTE de LA MIRA, MICH",1985-09-20,05:30:07,revisado
1985-09-20,00:54:00,no calculable,17.72,-102.36,16.0,"31 km al SUROESTE de CD LAZARO CARDENAS, MICH",1985-09-20,06:54:00,revisado
1985-09-20,01:38:15,4.3,17.32,-102.53,33.0,"78 km al SUROESTE de CD LAZARO CARDENAS, MICH",1985-09-20,07:38:15,revisado
1985-09-20,02:14:48,3.8,17.34,-102.16,33.0,"68 km al SUR de CD LAZARO CARDENAS, MICH",1985-09-20,08:14:48,revisado
1985-09-20,02:27:18,no calculable,17.72,-103.6,33.0,"126 km al SUROESTE de COALCOMAN, MICH",1985-09-20,08:27:18,revisado
1985-09-20,03:02:25,4.9,14.77,-97.92,16.0,"147 km al SUROESTE de RIO GRANDE, OAX",1985-09-20,09:02:25,revisado
1985-09-20,03:20:27,no calculable,16.29,-100.71,16.0,"103 km al SUR de TECPAN, GRO",1985-09-20,09:20:27,revisado
1985-09-20,03:51:45,3.9,17.53,-102.45,9.0,"54 km al SUROESTE de CD LAZARO CARDENAS, MICH",1985-09-20,09:51:45,revisado
1985-09-20,03:56:41,no calculable,17.12,-102.77,33.0,"110 km al SUROESTE de CD LAZARO CARDENAS, MICH",1985-09-20,09:56:41,revisado
1985-09-20,04:54:58,3.9,18.01,-102.32,9.0,"3 km al SURESTE de LA MIRA, MICH",1985-09-20,10:54:58,revisado
1985-09-20,05:10:29,no calculable,17.57,-102.34,5.0,"45 km al SUROESTE de CD LAZARO CARDENAS, MICH",1985-09-20,11:10:29,revisado
1985-09-20,05:57:24,4.0,16.96,-102.01,33.0,"90 km al SUROESTE de ZIHUATANEJO, GRO",1985-09-20,11:57:24,revisado
1985-09-20,06:57:49,4.0,17.41,-101.91,16.0,"46 km al SUROESTE de ZIHUATANEJO, GRO",1985-09-20,12:57:49,revisado
1985-09-20,07:02:16,no calculable,17.34,-102.21,33.0,"68 km al SUR de CD LAZARO CARDENAS, MICH",1985-09-20,13:02:16,revisado
1985-09-20,07:19:12,3.6,17.73,-102.26,33.0,"26 km al SUR de CD LAZARO CARDENAS, MICH",1985-09-20,13:19:12,revisado
1985-09-20,08:21:02,no calculable,17.65,-102.22,33.0,"34 km al SUR de CD LAZARO CARDENAS, MICH",1985-09-20,14:21:02,revisado
1985-09-20,08:51:18,no calculable,17.82,-102.22,33.0,"15 km al SUR de CD LAZARO CARDENAS, MICH",1985-09-20,14:51:18,revisado
1985-09-20,13:22:00,4.2,17.44,-102.32,5.0,"58 km al SUR de CD LAZARO CARDENAS, MICH",1985-09-20,19:22:00,revisado
1985-09-20,13:30:02,4.9,17.8,-102.35,33.0,"23 km al SUROESTE de CD LAZARO CARDENAS, MICH",1985-09-20,19:30:02,revisado
1985-09-20,14:03:41,3.8,17.83,-101.63,33.0,"22 km al NOROESTE de ZIHUATANEJO, GRO",1985-09-20,20:03:41,revisado
1985-09-20,14:51:21,no calculable,16.9,-102.93,15.0,"140 km al SUROESTE de CD LAZARO CARDENAS, MICH",1985-09-20,20:51:21,revisado
1985-09-20,15:55:37,no calculable,17.0,-102.09,33.0,"91 km al SUROESTE de ZIHUATANEJO, GRO",1985-09-20,21:55:37,revisado
1985-09-20,17:10:53,no calculable,17.4,-102.17,33.0,"62 km al SUR de CD LAZARO CARDENAS, MICH",1985-09-20,23:10:53,revisado
1985-09-20,18:07:16,no calculable,17.18,-102.18,33.0,"84 km al SUROESTE de ZIHUATANEJO, GRO",1985-09-21,00:07:16,revisado
1985-09-20,19:37:14,7.6,17.828,-101.681,17.0,"25 km al NOROESTE de ZIHUATANEJO, GRO",1985-09-21,01:37:14,revisado
1985-09-20,20:27:22,no calculable,16.99,-101.79,33.0,"77 km al SUROESTE de ZIHUATANEJO, GRO",1985-09-21,02:27:22,revisado
1985-09-20,20:37:52,no calculable,17.6,-102.5,33.0,"50 km al SUROESTE de CD LAZARO CARDENAS, MICH",1985-09-21,02:37:52,revisado
1985-09-20,21:06:20,no calculable,16.34,-101.39,33.0,"127 km al SUROESTE de TECPAN, GRO",1985-09-21,03:06:20,revisado
1985-09-20,21:24:22,no calculable,17.68,-101.96,33.0,"40 km al SURESTE de CD LAZARO CARDENAS, MICH",1985-09-21,03:24:22,revisado
1985-09-20,22:14:18,no calculable,17.53,-102.28,33.0,"48 km al SUR de CD LAZARO CARDENAS, MICH",1985-09-21,04:14:18,revisado
1985-09-20,22:32:25,no calculable,17.41,-101.96,33.0,"51 km al SUROESTE de ZIHUATANEJO, GRO",1985-09-21,04:32:25,revisado
1985-09-20,22:40:46,3.6,17.05,-102.02,9.0,"82 km al SUROESTE de ZIHUATANEJO, GRO",1985-09-21,04:40:46,revisado
1985-09-20,22:48:36,no calculable,15.62,-97.98,33.0,"73 km al SUROESTE de RIO GRANDE, OAX",1985-09-21,04:48:36,revisado
1985-09-20,23:03:47,no calculable,17.6,-102.5,33.0,"50 km al SUROESTE de CD LAZARO CARDENAS, MICH",1985-09-21,05:03:47,revisado
1985-09-21,00:09:38,no calculable,17.67,-102.1,16.0,"34 km al SURESTE de CD LAZARO CARDENAS, MICH",1985-09-21,06:09:38,revisado
1985-09-21,00:11:42,no calculable,16.21,-99.91,9.0,"73 km al SUR de ACAPULCO, GRO",1985-09-21,06:11:42,revisado
1985-09-21,00:38:01,no calculable,17.53,-102.13,9.0,"48 km al SUR de CD LAZARO CARDENAS, MICH",1985-09-21,06:38:01,revisado
1985-09-21,01:13:39,no calculable,17.45,-102.76,16.0,"79 km al SUROESTE de LA MIRA, MICH",1985-09-21,07:13:39,revisado
1985-09-21,02:05:32,no calculable,17.47,-102.17,33.0,"54 km al SUR de CD LAZARO CARDENAS, MICH",1985-09-21,08:05:32,revisado
1985-09-21,03:05:01,no calculable,16.41,-101.64,33.0,"131 km al SUROESTE de PETATLAN, GRO",1985-09-21,09:05:01,revisado
1985-09-21,03:11:38,3.5,17.57,-102.26,9.0,"43 km al SUR de CD LAZARO CARDENAS, MICH",1985-09-21,09:11:38,revisado
1985-09-21,03:56:04,no calculable,16.67,-102.5,5.0,"145 km al SUR de CD LAZARO CARDENAS, MICH",1985-09-21,09:56:04,revisado
1985-09-21,04:12:59,no calculable,15.91,-102.36,33.0,"210 km al SUROESTE de ZIHUATANEJO, GRO",1985-09-21,10:12:59,revisado
1985-09-21,04:34:19,no calculable,16.86,-101.48,9.0,"78 km al SUROESTE de PETATLAN, GRO",1985-09-21,10:34:19,revisado
1985-09-21,05:00:03,no calculable,17.5,-101.9,33.0,"40 km al SUROESTE de ZIHUATANEJO, GRO",1985-09-21,11:00:03,revisado
1985-09-21,05:23:23,no calculable,17.18,-101.88,33.0,"62 km al SUROESTE de ZIHUATANEJO, GRO",1985-09-21,11:23:23,revisado
1985-09-21,05:34:23,no calculable,17.47,-101.91,33.0,"43 km al SUROESTE de ZIHUATANEJO, GRO",1985-09-21,11:34:23,revisado
1985-09-21,05:41:34,no calculable,17.02,-102.05,33.0,"87 km al SUROESTE de ZIHUATANEJO, GRO",1985-09-21,11:41:34,revisado
1985-09-21,05:58:59,no calculable,17.11,-102.41,9.0,"96 km al SUR de CD LAZARO CARDENAS, MICH",1985-09-21,11:58:59,revisado
1985-09-21,06:32:24,no calculable,17.43,-102.02,16.0,"55 km al SUROESTE de ZIHUATANEJO, GRO",1985-09-21,12:32:24,revisado
1985-09-21,06:39:31,no calculable,16.69,-99.88,16.0,"20 km al SUR de ACAPULCO, GRO",1985-09-21,12:39:31,revisado
1985-09-21,06:40:39,no calculable,16.21,-101.94,33.0,"163 km al SUROESTE de PETATLAN, GRO",1985-09-21,12:40:39,revisado
1985-09-21,06:53:02,no calculable,17.6,-101.92,5.0,"39 km al OESTE de ZIHUATANEJO, GRO",1985-09-21,12:53:02,revisado
1985-09-21,07:39:19,3.5,17.95,-102.67,16.0,"37 km al OESTE de LA MIRA, MICH",1985-09-21,13:39:19,revisado
1985-09-21,08:05:29,no calculable,16.48,-101.01,33.0,"91 km al SUROESTE de TECPAN, GRO",1985-09-21,14:05:29,revisado
1985-09-21,08:13:33,no calculable,18.04,-102.37,33.0,"4 km al OESTE de LA MIRA, MICH",1985-09-21,14:13:33,revisado
1985-09-21,08:25:08,no calculable,17.6,-102.5,33.0,"50 km al SUROESTE de CD LAZARO CARDENAS, MICH",1985-09-21,14:25:08,revisado
1985-09-21,08:44:46,no calculable,17.58,-101.88,33.0,"36 km al OESTE de ZIHUATANEJO, GRO",1985-09-21,14:44:46,revisado
1985-09-21,09:13:32,no calculable,17.21,-101.85,16.0,"58 km al SUROESTE de ZIHUATANEJO, GRO",1985-09-21,15:13:32,revisado
1985-09-21,09:42:00,no calculable,16.65,-101.99,33.0,"119 km al SUROESTE de ZIHUATANEJO, GRO",1985-09-21,15:42:00,revisado
1985-09-21,10:03:27,no calculable,17.68,-102.5,9.0,"43 km al SUROESTE de LA MIRA, MICH",1985-09-21,16:03:27,revisado
1985-09-21,10:57:15,no calculable,17.88,-101.9,16.0,"34 km al ESTE de CD LAZARO CARDENAS, MICH",1985-09-21,16:57:15,revisado
1985-09-21,11:22:27,no calculable,17.24,-102.32,33.0,"80 km al SUR de CD LAZARO CARDENAS, MICH",1985-09-21,17:22:27,revisado
1985-09-21,11:24:30,no calculable,16.27,-100.35,33.0,"82 km al SUROESTE de ACAPULCO, GRO",1985-09-21,17:24:30,revisado
1985-09-21,11:56:48,no calculable,17.38,-101.94,16.0,"51 km al SUROESTE de ZIHUATANEJO, GRO",1985-09-21,17:56:48,revisado
1985-09-21,12:15:20,no calculable,17.81,-102.36,16.0,"23 km al SUROESTE de CD LAZARO CARDENAS, MICH",1985-09-21,18:15:20,revisado
1985-09-21,14:38:45,no calculable,17.7,-102.14,33.0,"29 km al SUR de CD LAZARO CARDENAS, MICH",1985-09-21,20:38:45,revisado
1985-09-21,15:09:19,no calculable,16.64,-101.27,33.0,"94 km al SUROESTE de TECPAN, GRO",1985-09-21,21:09:19,revisado
1985-09-21,16:21:38,no calculable,17.31,-102.21,33.0,"71 km al SUR de CD LAZARO CARDENAS, MICH",1985-09-21,22:21:38,revisado
1985-09-21,16:43:43,no calculable,17.06,-101.54,33.0,"60 km al SUROESTE de PETATLAN, GRO",1985-09-21,22:43:43,revisado
1985-09-21,17:31:05,no calculable,18.34,-103.05,33.0,"50 km al SUR de COALCOMAN, MICH",1985-09-21,23:31:05,revisado
1985-09-21,19:18:21,no calculable,16.67,-101.44,33.0,"98 km al SUR de PETATLAN, GRO",1985-09-22,01:18:21,revisado
1985-09-21,19:20:12,no calculable,16.78,-101.5,33.0,"87 km al SUROESTE de PETATLAN, GRO",1985-09-22,01:20:12,revisado
1985-09-21,19:32:12,no calculable,17.26,-101.82,33.0,"51 km al SUROESTE de ZIHUATANEJO, GRO",1985-09-22,01:32:12,revisado
1985-09-21,22:21:11,no calculable,18.48,-103.37,16.0,"40 km al SUROESTE de COALCOMAN, MICH",1985-09-22,04:21:11,revisado
1985-09-21,23:38:42,no calculable,17.03,-101.49,16.0,"61 km al SUROESTE de PETATLAN, GRO",1985-09-22,05:38:42,revisado
1985-09-22,00:19:26,no calculable,17.55,-102.29,33.0,"46 km al SUR de CD LAZARO CARDENAS, MICH",1985-09-22,06:19:26,revisado
1985-09-22,01:30:19,no calculable,17.16,-101.92,33.0,"66 km al SUROESTE de ZIHUATANEJO, GRO",1985-09-22,07:30:19,revisado
1985-09-22,01:48:51,4.3,17.06,-102.34,5.0,"100 km al SUR de CD LAZARO CARDENAS, MICH",1985-09-22,07:48:51,revisado
1985-09-22,03:53:44,no calculable,17.37,-101.61,33.0,"31 km al SUR de ZIHUATANEJO, GRO",1985-09-22,09:53:44,revisado
1985-09-22,04:48:16,no calculable,17.91,-101.87,5.0,"36 km al ESTE de CD LAZARO CARDENAS, MICH",1985-09-22,10:48:16,revisado
1985-09-22,05:06:46,no calculable,18.11,-101.96,9.0,"29 km al NORESTE de LAS GUACAMAYAS, MICH",1985-09-22,11:06:46,revisado
1985-09-22,07:10:32,no calculable,17.08,-102.22,33.0,"95 km al SUROESTE de ZIHUATANEJO, GRO",1985-09-22,13:10:32,revisado
1985-09-22,08:56:49,no calculable,16.82,-102.01,33.0,"103 km al SUROESTE de ZIHUATANEJO, GRO",1985-09-22,14:56:49,revisado
1985-09-22,10:19:27,no calculable,18.22,-102.28,5.0,"21 km al NORTE de LA MIRA, MICH",1985-09-22,16:19:27,revisado
1985-09-22,10:28:48,no calculable,17.18,-102.0,33.0,"70 km al SUROESTE de ZIHUATANEJO, GRO",1985-09-22,16:28:48,revisado
1985-09-22,11:28:24,no calculable,17.74,-102.41,33.0,"32 km al SUROESTE de CD LAZARO CARDENAS, MICH",1985-09-22,17:28:24,revisado
1985-09-22,13:44:58,no calculable,17.52,-102.22,33.0,"48 km al SUR de CD LAZARO CARDENAS, MICH",1985-09-22,19:44:58,revisado
1985-09-22,14:17:39,no calculable,18.39,-102.39,33.0,"40 km al NORTE de LA MIRA, MICH",1985-09-22,20:17:39,revisado
1985-09-22,15:16:48,4.1,17.93,-102.47,16.0,"19 km al SUROESTE de LA MIRA, MICH",1985-09-22,21:16:48,revisado
1985-09-22,19:53:36,no calculable,16.73,-101.51,33.0,"93 km al SUROESTE de PETATLAN, GRO",1985-09-23,01:53:36,revisado
1985-09-22,22:30:53,no calculable,16.55,-101.71,33.0,"119 km al SUROESTE de PETATLAN, GRO",1985-09-23,04:30:53,revisado
1985-09-23,01:11:01,no calculable,19.23,-103.24,33.0,"27 km al SUR de TECALITLAN, JAL",1985-09-23,07:11:01,revisado
1985-09-23,03:45:06,3.8,17.71,-102.97,16.0,"77 km al SUROESTE de LA MIRA, MICH",1985-09-23,09:45:06,revisado
1985-09-23,05:48:36,no calculable,17.85,-102.36,33.0,"20 km al SUROESTE de CD LAZARO CARDENAS, MICH",1985-09-23,11:48:36,revisado
1985-09-23,05:58:42,4.5,17.4,-102.36,33.0,"63 km al SUR de CD LAZARO CARDENAS, MICH",1985-09-23,11:58:42,revisado
1985-09-23,13:31:20,4.5,17.06,-102.33,33.0,"100 km al SUR de CD LAZARO CARDENAS, MICH",1985-09-23,19:31:20,revisado
1985-09-23,18:06:49,no calculable,16.59,-102.79,33.0,"163 km al SUROESTE de CD LAZARO CARDENAS, MICH",1985-09-24,00:06:49,revisado
1985-09-23,18:25:19,3.7,17.59,-101.94,33.0,"42 km al OESTE de ZIHUATANEJO, GRO",1985-09-24,00:25:19,revisado
1985-09-24,01:03:02,4.5,17.79,-102.94,33.0,"70 km al SUROESTE de LA MIRA, MICH",1985-09-24,07:03:02,revisado
1985-09-24,07:28:12,no calculable,17.75,-103.88,33.0,"128 km al SUR de TECOMAN, COL",1985-09-24,13:28:12,revisado
1985-09-24,09:05:29,no calculable,17.02,-101.98,33.0,"83 km al SUROESTE de ZIHUATANEJO, GRO",1985-09-24,15:05:29,revisado
1985-09-24,12:35:48,no calculable,16.83,-102.58,33.0,"131 km al SUROESTE de CD LAZARO CARDENAS, MICH",1985-09-24,18:35:48,revisado
1985-09-24,16:12:29,no calculable,16.16,-101.63,33.0,"157 km al SUR de PETATLAN, GRO",1985-09-24,22:12:29,revisado
1985-09-24,16:37:22,4.5,17.67,-102.69,33.0,"56 km al SUROESTE de LA MIRA, MICH",1985-09-24,22:37:22,revisado
1985-09-24,18:04:30,no calculable,16.2,-101.45,33.0,"143 km al SUROESTE de TECPAN, GRO",1985-09-25,00:04:30,revisado
1985-09-24,20:00:25,no calculable,17.41,-102.62,33.0,"74 km al SUROESTE de CD LAZARO CARDENAS, MICH",1985-09-25,02:00:25,revisado
1985-09-24,21:06:16,no calculable,16.83,-102.02,33.0,"103 km al SUROESTE de ZIHUATANEJO, GRO",1985-09-25,03:06:16,revisado
1985-09-24,21:54:36,3.7,16.63,-101.86,33.0,"117 km al SUROESTE de ZIHUATANEJO, GRO",1985-09-25,03:54:36,revisado
1985-09-25,01:02:56,3.8,17.1,-103.22,33.0,"140 km al SUROESTE de LA MIRA, MICH",1985-09-25,07:02:56,revisado
1985-09-25,01:44:06,5.3,18.01,-102.26,16.0,"3 km al SURESTE de BUENOS AIRES, MICH",1985-09-25,07:44:06,revisado
1985-09-25,01:54:11,no calculable,18.58,-103.3,33.0,"26 km al SUROESTE de COALCOMAN, MICH",1985-09-25,07:54:11,revisado
1985-09-25,01:56:50,no calculable,17.84,-103.36,33.0,"106 km al SUR de COALCOMAN, MICH",1985-09-25,07:56:50,revisado
1985-09-25,02:01:29,3.0,18.15,-103.41,33.0,"74 km al SUROESTE de COALCOMAN, MICH",1985-09-25,08:01:29,revisado
1985-09-25,02:14:38,no calculable,17.09,-101.78,33.0,"66 km al SUROESTE de ZIHUATANEJO, GRO",1985-09-25,08:14:38,revisado
1985-09-25,02:18:22,no calculable,16.59,-101.89,33.0,"122 km al SUROESTE de ZIHUATANEJO, GRO",1985-09-25,08:18:22,revisado
1985-09-25,02:40:47,no calculable,17.94,-103.23,33.0,"93 km al SUR de COALCOMAN, MICH",1985-09-25,08:40:47,revisado
1985-09-25,03:11:24,3.0,16.76,-102.2,33.0,"120 km al SUROESTE de ZIHUATANEJO, GRO",1985-09-25,09:11:24,revisado
1985-09-25,14:08:58,no calculable,17.24,-101.66,33.0,"46 km al SUR de ZIHUATANEJO, GRO",1985-09-25,20:08:58,revisado
1985-09-25,20:53:39,3.5,31.93,-115.89,6.0,"68 km al NORESTE de RODOLFO SANCHEZ T(MRO), BC",1985-09-26,02:53:39,revisado
1985-09-26,01:56:04,no calculable,17.54,-101.58,33.0,"12 km al SUR de ZIHUATANEJO, GRO",1985-09-26,07:56:04,revisado
1985-09-26,02:26:00,no calculable,17.23,-102.23,33.0,"80 km al SUR de CD LAZARO CARDENAS, MICH",1985-09-26,08:26:00,revisado
1985-09-26,02:55:38,no calculable,17.28,-103.53,33.0,"152 km al SUROESTE de LA MIRA, MICH",1985-09-26,08:55:38,revisado
1985-09-26,07:04:21,no calculable,18.35,-103.43,9.0,"55 km al SUROESTE de COALCOMAN, MICH",1985-09-26,13:04:21,revisado
1985-09-26,18:29:08,no calculable,17.15,-102.28,33.0,"89 km al SUR de CD LAZARO CARDENAS, MICH",1985-09-27,00:29:08,revisado
1985-09-27,00:31:52,no calculable,17.15,-101.9,33.0,"66 km al SUROESTE de ZIHUATANEJO, GRO",1985-09-27,06:31:52,revisado
1985-09-27,00:58:14,4.2,18.74,-102.9,33.0,"28 km al ESTE de COALCOMAN, MICH",1985-09-27,06:58:14,revisado
1985-09-27,03:16:50,no calculable,16.94,-102.37,33.0,"114 km al SUR de CD LAZARO CARDENAS, MICH",1985-09-27,09:16:50,revisado
1985-09-27,05:16:22,4.7,17.83,-102.43,33.0,"25 km al SUROESTE de LA MIRA, MICH",1985-09-27,11:16:22,revisado
1985-09-27,06:41:08,no calculable,17.56,-102.51,33.0,"54 km al SUROESTE de CD LAZARO CARDENAS, MICH",1985-09-27,12:41:08,revisado
1985-09-27,09:44:56,no calculable,17.6,-102.87,5.0,"75 km al SUROESTE de LA MIRA, MICH",1985-09-27,15:44:56,revisado
1985-09-27,10:45:08,no calculable,17.35,-102.68,33.0,"84 km al SUROESTE de CD LAZARO CARDENAS, MICH",1985-09-27,16:45:08,revisado
1985-09-27,14:43:45,no calculable,17.14,-102.21,33.0,"89 km al SUROESTE de ZIHUATANEJO, GRO",1985-09-27,20:43:45,revisado
1985-09-27,21:19:31,no calculable,17.95,-100.88,70.0,"51 km al SUROESTE de CD ALTAMIRANO, GRO",1985-09-28,03:19:31,revisado
1985-09-27,21:52:38,5.1,17.04,-101.77,16.0,"71 km al SUROESTE de ZIHUATANEJO, GRO",1985-09-28,03:52:38,revisado
1985-09-27,23:38:46,no calculable,17.09,-101.88,33.0,"71 km al SUROESTE de ZIHUATANEJO, GRO",1985-09-28,05:38:46,revisado
1985-09-27,23:59:21,no calculable,16.15,-102.54,33.0,"196 km al SUROESTE de ZIHUATANEJO, GRO",1985-09-28,05:59:21,revisado
1985-09-28,02:52:07,no calculable,16.66,-101.96,33.0,"117 km al SUROESTE de ZIHUATANEJO, GRO",1985-09-28,08:52:07,revisado
1985-09-28,03:30:01,no calculable,17.1,-102.18,33.0,"90 km al SUROESTE de ZIHUATANEJO, GRO",1985-09-28,09:30:01,revisado
1985-09-28,08:41:06,3.9,15.9,-99.85,33.0,"107 km al SUR de ACAPULCO, GRO",1985-09-28,14:41:06,revisado
1985-09-28,14:56:46,no calculable,16.8,-102.16,33.0,"114 km al SUROESTE de ZIHUATANEJO, GRO",1985-09-28,20:56:46,revisado
1985-09-28,20:22:29,no calculable,17.19,-102.24,33.0,"85 km al SUR de CD LAZARO CARDENAS, MICH",1985-09-29,02:22:29,revisado
1985-09-29,00:56:33,no calculable,18.96,-103.37,33.0,"30 km al NOROESTE de COALCOMAN, MICH",1985-09-29,06:56:33,revisado
1985-09-29,02:59:30,4.0,15.31,-100.5,33.0,"184 km al SUROESTE de ACAPULCO, GRO",1985-09-29,08:59:30,revisado
1985-09-29,06:24:02,no calculable,16.87,-102.52,33.0,"125 km al SUROESTE de CD LAZARO CARDENAS, MICH",1985-09-29,12:24:02,revisado
1985-09-29,11:43:59,no calculable,15.52,-100.48,33.0,"162 km al SUROESTE de ACAPULCO, GRO",1985-09-29,17:43:59,revisado
1985-09-29,21:36:43,no calculable,18.14,-103.21,33.0,"71 km al SUR de COALCOMAN, MICH",1985-09-30,03:36:43,revisado
1985-09-29,21:58:12,4.2,19.46,-105.07,33.0,"59 km al NOROESTE de CIHUATLAN, JAL",1985-09-30,03:58:12,revisado
1985-09-30,00:24:59,no calculable,17.2,-102.1,33.0,"76 km al SUROESTE de ZIHUATANEJO, GRO",1985-09-30,06:24:59,revisado
1985-09-30,01:59:33,no calculable,17.09,-101.58,33.0,"59 km al SUROESTE de PETATLAN, GRO",1985-09-30,07:59:33,revisado
1985-09-30,03:08:08,no calculable,16.82,-101.11,33.0,"68 km al SUROESTE de TECPAN, GRO",1985-09-30,09:08:08,revisado
1985-09-30,11:36:24,no calculable,17.44,-101.86,33.0,"40 km al SUROESTE de ZIHUATANEJO, GRO",1985-09-30,17:36:24,revisado
1985-09-30,13:12:00,no calculable,15.86,-101.47,33.0,"175 km al SUROESTE de TECPAN, GRO",1985-09-30,19:12:00,revisado
1985-09-30,16:14:13,no calculable,18.05,-102.35,33.0,"3 km al NOROESTE de LA MIRA, MICH",1985-09-30,22:14:13,revisado
1985-09-30,20:12:48,no calculable,18.33,-103.88,33.0,"64 km al SUR de TECOMAN, COL",1985-10-01,02:12:48,revisado
1985-09-30,20:41:29,no calculable,16.44,-100.84,33.0,"89 km al SUR de TECPAN, GRO",1985-10-01,02:41:29,revisado
1985-09-30,21:20:27,no calculable,17.21,-101.38,33.0,"38 km al SUROESTE de PETATLAN, GRO",1985-10-01,03:20:27,revisado
1985-10-01,01:16:12,no calculable,16.22,-95.28,16.0,"10 km al NOROESTE de SALINA CRUZ, OAX",1985-10-01,07:16:12,revisado
1985-10-01,04:38:06,no calculable,16.76,-100.76,33.0,"53 km al SUROESTE de TECPAN, GRO",1985-10-01,10:38:06,revisado
1985-10-01,10:31:37,no calculable,17.2,-103.06,33.0,"121 km al SUROESTE de LA MIRA, MICH",1985-10-01,16:31:37,revisado
1985-10-01,20:21:06,4.8,13.88,-91.95,33.0,"91 km al SUR de CD HIDALGO, CHIS",1985-10-02,02:21:06,revisado
1985-10-01,22:27:45,no calculable,17.54,-102.18,16.0,"46 km al SUR de CD LAZARO CARDENAS, MICH",1985-10-02,04:27:45,revisado
1985-10-01,23:03:19,no calculable,17.42,-102.12,16.0,"60 km al SUR de CD LAZARO CARDENAS, MICH",1985-10-02,05:03:19,revisado
1985-10-02,10:49:30,no calculable,17.64,-102.3,16.0,"36 km al SUROESTE de CD LAZARO CARDENAS, MICH",1985-10-02,16:49:30,revisado
1985-10-02,18:19:45,no calculable,18.28,-102.82,33.0,"58 km al NOROESTE de LA MIRA, MICH",1985-10-03,00:19:45,revisado
1985-10-02,20:18:55,no calculable,17.71,-102.35,16.0,"31 km al SUROESTE de CD LAZARO CARDENAS, MICH",1985-10-03,02:18:55,revisado
1985-10-03,00:29:44,4.3,17.03,-101.65,33.0,"69 km al SUR de ZIHUATANEJO, GRO",1985-10-03,06:29:44,revisado
1985-10-03,04:25:11,no calculable,19.48,-102.48,33.0,"8 km al SUROESTE de PERIBAN, MICH",1985-10-03,10:25:11,revisado
1985-10-03,04:34:39,no calculable,19.44,-102.43,33.0,"9 km al SUR de PERIBAN, MICH",1985-10-03,10:34:39,revisado
1985-10-03,04:44:49,no calculable,17.13,-101.79,33.0,"62 km al SUROESTE de ZIHUATANEJO, GRO",1985-10-03,10:44:49,revisado
1985-10-03,06:00:47,no calculable,14.19,-92.37,33.0,"59 km al SUROESTE de CD HIDALGO, CHIS",1985-10-03,12:00:47,revisado
1985-10-04,01:18:50,no calculable,17.85,-102.11,16.0,"16 km al SURESTE de CD LAZARO CARDENAS, MICH",1985-10-04,07:18:50,revisado
1985-10-04,01:20:19,no calculable,17.63,-102.08,16.0,"39 km al SURESTE de CD LAZARO CARDENAS, MICH",1985-10-04,07:20:19,revisado
1985-10-04,02:48:23,no calculable,17.12,-102.26,16.0,"93 km al SUR de CD LAZARO CARDENAS, MICH",1985-10-04,08:48:23,revisado
1985-10-04,05:46:37,no calculable,15.59,-93.06,33.0,"19 km al SURESTE de PIJIJIAPAN, CHIS",1985-10-04,11:46:37,revisado
1985-10-04,15:15:25,no calculable,17.37,-101.82,33.0,"42 km al SUROESTE de ZIHUATANEJO, GRO",1985-10-04,21:15:25,revisado
1985-10-04,23:14:46,no calculable,17.25,-101.82,33.0,"52 km al SUROESTE de ZIHUATANEJO, GRO",1985-10-05,05:14:46,revisado
1985-10-05,00:55:09,no calculable,17.64,-101.79,33.0,"25 km al OESTE de ZIHUATANEJO, GRO",1985-10-05,06:55:09,revisado
1985-10-05,01:50:25,no calculable,15.72,-95.77,15.0,"39 km al ESTE de CRUCECITA, OAX",1985-10-05,07:50:25,revisado
1985-10-05,03:07:39,no calculable,16.9,-101.65,33.0,"81 km al SUROESTE de PETATLAN, GRO",1985-10-05,09:07:39,revisado
1985-10-05,04:45:43,no calculable,17.79,-102.73,33.0,"50 km al SUROESTE de LA MIRA, MICH",1985-10-05,10:45:43,revisado
1985-10-05,05:30:24,no calculable,17.31,-101.78,33.0,"44 km al SUROESTE de ZIHUATANEJO, GRO",1985-10-05,11:30:24,revisado
1985-10-05,07:14:24,no calculable,16.6,-98.56,8.0,"19 km al SUROESTE de OMETEPEC, GRO",1985-10-05,13:14:24,revisado
1985-10-05,13:14:27,no calculable,17.94,-101.88,33.0,"35 km al ESTE de CD LAZARO CARDENAS, MICH",1985-10-05,19:14:27,revisado
1985-10-05,14:23:15,no calculable,16.48,-95.5,33.0,"33 km al NOROESTE de TEHUANTEPEC, OAX",1985-10-05,20:23:15,revisado
1985-10-05,14:31:57,no calculable,17.38,-101.4,33.0,"22 km al SUROESTE de PETATLAN, GRO",1985-10-05,20:31:57,revisado
1985-10-05,18:01:32,no calculable,17.51,-101.92,33.0,"42 km al SUROESTE de ZIHUATANEJO, GRO",1985-10-06,00:01:32,revisado
1985-10-05,21:13:37,no calculable,17.27,-95.72,33.0,"84 km al NOROESTE de MATIAS ROMERO, OAX",1985-10-06,03:13:37,revisado
1985-10-06,00:28:38,no calculable,17.46,-101.6,33.0,"21 km al SUR de ZIHUATANEJO, GRO",1985-10-06,06:28:38,revisado
1985-10-06,01:17:31,no calculable,15.66,-93.83,97.0,"48 km al SUR de TONALA, CHIS",1985-10-06,07:17:31,revisado
1985-10-06,02:43:10,no calculable,17.13,-100.33,33.0,"14 km al SURESTE de ATOYAC DE ALVAREZ, GRO",1985-10-06,08:43:10,revisado
1985-10-06,04:44:44,no calculable,19.39,-102.76,33.0,"24 km al NORESTE de TEPALCATEPEC, MICH",1985-10-06,10:44:44,revisado
1985-10-06,04:58:33,no calculable,17.33,-102.01,33.0,"60 km al SUROESTE de ZIHUATANEJO, GRO",1985-10-06,10:58:33,revisado
1985-10-06,05:51:37,no calculable,15.93,-98.7,16.0,"83 km al SUROESTE de PINOTEPA NACIONAL, OAX",1985-10-06,11:51:37,revisado
1985-10-06,06:50:08,no calculable,15.53,-95.09,15.0,"73 km al SUR de SALINA CRUZ, OAX",1985-10-06,12:50:08,revisado
1985-10-06,09:42:08,no calculable,18.03,-102.95,16.0,"66 km al OESTE de LA MIRA, MICH",1985-10-06,15:42:08,revisado
1985-10-06,09:44:07,no calculable,17.0,-95.17,124.0,"20 km al NOROESTE de MATIAS ROMERO, OAX",1985-10-06,15:44:07,revisado
1985-10-06,11:07:53,no calculable,14.84,-96.76,33.0,"105 km al SUROESTE de S PEDRO POCHUTLA, OAX",1985-10-06,17:07:53,revisado
1985-10-06,11:13:41,no calculable,16.88,-97.88,16.0,"48 km al SUROESTE de H TLAXIACO, OAX",1985-10-06,17:13:41,revisado
1985-10-06,12:14:56,no calculable,13.7,-91.86,33.0,"113 km al SURESTE de CD HIDALGO, CHIS",1985-10-06,18:14:56,revisado
1985-10-06,13:45:23,no calculable,16.33,-97.53,8.0,"37 km al NOROESTE de RIO GRANDE, OAX",1985-10-06,19:45:23,revisado
1985-10-06,13:53:06,no calculable,17.23,-101.58,33.0,"46 km al SUR de ZIHUATANEJO, GRO",1985-10-06,19:53:06,revisado
1985-10-06,16:08:58,no calculable,15.78,-93.86,33.0,"36 km al SUROESTE de TONALA, CHIS",1985-10-06,22:08:58,revisado
1985-10-07,04:38:08,no calculable,17.25,-101.65,33.0,"45 km al SUR de ZIHUATANEJO, GRO",1985-10-07,10:38:08,revisado
1985-10-07,04:54:32,no calculable,16.04,-97.58,33.0,"16 km al OESTE de RIO GRANDE, OAX",1985-10-07,10:54:32,revisado
1985-10-07,06:24:57,no calculable,17.66,-103.15,33.0,"96 km al SUROESTE de LA MIRA, MICH",1985-10-07,12:24:57,revisado
1985-10-07,07:04:54,no calculable,16.73,-94.32,90.0,"61 km al NORESTE de UNION HIDALGO, OAX",1985-10-07,13:04:54,revisado
1985-10-07,07:12:15,no calculable,16.61,-100.89,33.0,"73 km al SUROESTE de TECPAN, GRO",1985-10-07,13:12:15,revisado
1985-10-07,09:21:54,no calculable,16.03,-97.65,46.0,"23 km al OESTE de RIO GRANDE, OAX",1985-10-07,15:21:54,revisado
1985-10-07,11:50:37,no calculable,16.29,-97.62,13.0,"37 km al NOROESTE de RIO GRANDE, OAX",1985-10-07,17:50:37,revisado
1985-10-07,12:58:36,no calculable,18.19,-102.28,33.0,"18 km al NORESTE de LA MIRA, MICH",1985-10-07,18:58:36,revisado
1985-10-07,13:58:18,4.1,19.78,-96.4,9.0,"45 km al NORTE de JOSE CARDEL, VER",1985-10-07,19:58:18,revisado
1985-10-07,16:35:03,no calculable,18.17,-102.03,33.0,"26 km al NORESTE de LAS GUACAMAYAS, MICH",1985-10-07,22:35:03,revisado
1985-10-07,17:57:25,no calculable,17.44,-101.91,33.0,"44 km al SUROESTE de ZIHUATANEJO, GRO",1985-10-07,23:57:25,revisado
1985-10-07,23:12:29,no calculable,13.77,-93.9,33.0,"214 km al SUROESTE de CD HIDALGO, CHIS",1985-10-08,05:12:29,revisado
1985-10-08,00:12:44,no calculable,18.1,-101.77,33.0,"48 km al ESTE de LAS GUACAMAYAS, MICH",1985-10-08,06:12:44,revisado
1985-10-08,00:29:23,no calculable,16.41,-98.03,9.0,"8 km al NORESTE de PINOTEPA NACIONAL, OAX",1985-10-08,06:29:23,revisado
1985-10-08,02:26:45,no calculable,17.44,-102.41,33.0,"61 km al SUROESTE de CD LAZARO CARDENAS, MICH",1985-10-08,08:26:45,revisado
1985-10-08,10:54:59,no calculable,17.35,-101.62,33.0,"33 km al SUR de ZIHUATANEJO, GRO",1985-10-08,16:54:59,revisado
1985-10-08,18:21:59,no calculable,13.26,-91.09,33.0,"194 km al SURESTE de CD HIDALGO, CHIS",1985-10-09,00:21:59,revisado
1985-10-08,18:56:10,no calculable,18.87,-102.74,33.0,"37 km al SURESTE de TEPALCATEPEC, MICH",1985-10-09,00:56:10,revisado
1985-10-08,19:10:37,no calculable,17.71,-101.47,33.0,"11 km al NORESTE de ZIHUATANEJO, GRO",1985-10-09,01:10:37,revisado
1985-10-08,19:47:55,no calculable,16.3,-96.16,16.0,"46 km al ESTE de MIAHUATLAN, OAX",1985-10-09,01:47:55,revisado
1985-10-08,20:47:57,no calculable,17.96,-94.42,50.0,"12 km al SUR de NANCHITAL, VER",1985-10-09,02:47:57,revisado
1985-10-08,21:25:34,no calculable,17.74,-94.72,50.0,"25 km al SUR de JALTIPAN DE MORELOS, VER",1985-10-09,03:25:34,revisado
1985-10-08,22:11:18,no calculable,16.42,-97.58,16.0,"48 km al NOROESTE de RIO GRANDE, OAX",1985-10-09,04:11:18,revisado
1985-10-08,22:14:14,no calculable,16.42,-97.58,16.0,"48 km al NOROESTE de RIO GRANDE, OAX",1985-10-09,04:14:14,revisado
1985-10-09,02:04:23,no calculable,17.12,-101.94,33.0,"71 km al SUROESTE de ZIHUATANEJO, GRO",1985-10-09,08:04:23,revisado
1985-10-09,03:47:00,no calculable,16.2,-97.64,16.0,"30 km al NOROESTE de RIO GRANDE, OAX",1985-10-09,09:47:00,revisado
1985-10-09,06:09:02,no calculable,17.25,-101.63,33.0,"44 km al SUR de ZIHUATANEJO, GRO",1985-10-09,12:09:02,revisado
1985-10-09,07:01:42,no calculable,17.23,-102.05,33.0,"70 km al SUROESTE de ZIHUATANEJO, GRO",1985-10-09,13:01:42,revisado
1985-10-09,07:26:02,no calculable,16.98,-101.77,33.0,"77 km al SUROESTE de ZIHUATANEJO, GRO",1985-10-09,13:26:02,revisado
1985-10-09,08:22:53,no calculable,16.17,-97.65,16.0,"29 km al NOROESTE de RIO GRANDE, OAX",1985-10-09,14:22:53,revisado
1985-10-09,08:45:46,no calculable,16.07,-89.01,33.0,"279 km al SUROESTE de CHETUMAL, QR",1985-10-09,14:45:46,revisado
1985-10-09,09:09:45,no calculable,15.87,-88.45,33.0,"292 km al SUR de CHETUMAL, QR",1985-10-09,15:09:45,revisado
1985-10-09,09:32:34,no calculable,15.82,-93.92,33.0,"34 km al SUROESTE de TONALA, CHIS",1985-10-09,15:32:34,revisado
1985-10-09,11:08:24,no calculable,17.38,-101.29,33.0,"17 km al SUR de PETATLAN, GRO",1985-10-09,17:08:24,revisado
1985-10-09,16:27:41,no calculable,17.3,-101.5,33.0,"36 km al SUROESTE de PETATLAN, GRO",1985-10-09,22:27:41,revisado
1985-10-09,17:29:37,no calculable,17.44,-94.45,70.0,"62 km al SUR de MINATITLAN, VER",1985-10-09,23:29:37,revisado
1985-10-09,19:36:14,no calculable,16.68,-97.54,4.0,"66 km al NORESTE de PINOTEPA NACIONAL, OAX",1985-10-10,01:36:14,revisado
1985-10-09,20:59:53,no calculable,16.8,-102.07,33.0,"108 km al SUROESTE de ZIHUATANEJO, GRO",1985-10-10,02:59:53,revisado
1985-10-09,21:44:46,no calculable,18.87,-97.93,19.0,"11 km al SUROESTE de TEPEACA, PUE",1985-10-10,03:44:46,revisado
1985-10-09,22:56:39,no calculable,17.3,-101.49,33.0,"35 km al SUROESTE de PETATLAN, GRO",1985-10-10,04:56:39,revisado
1985-10-09,23:37:25,no calculable,13.3,-91.73,33.0,"159 km al SURESTE de CD HIDALGO, CHIS",1985-10-10,05:37:25,revisado
1985-10-09,23:37:37,no calculable,18.12,-102.32,33.0,"9 km al NORTE de LA MIRA, MICH",1985-10-10,05:37:37,revisado
1985-10-10,02:01:26,no calculable,14.0,-92.66,33.0,"93 km al SUROESTE de CD HIDALGO, CHIS",1985-10-10,08:01:26,revisado
1985-10-10,07:29:16,no calculable,17.22,-101.7,33.0,"50 km al SUROESTE de ZIHUATANEJO, GRO",1985-10-10,13:29:16,revisado
1985-10-10,10:14:19,no calculable,17.35,-101.87,16.0,"47 km al SUROESTE de ZIHUATANEJO, GRO",1985-10-10,16:14:19,revisado
1985-10-10,14:40:24,no calculable,17.16,-101.94,33.0,"68 km al SUROESTE de ZIHUATANEJO, GRO",1985-10-10,20:40:24,revisado
1985-10-10,16:31:33,no calculable,16.06,-95.85,33.0,"44 km al NORESTE de CRUCECITA, OAX",1985-10-10,22:31:33,revisado
1985-10-10,17:51:15,no calculable,13.17,-91.02,33.0,"207 km al SURESTE de CD HIDALGO, CHIS",1985-10-10,23:51:15,revisado
1985-10-10,18:43:59,no calculable,17.59,-101.97,33.0,"45 km al OESTE de ZIHUATANEJO, GRO",1985-10-11,00:43:59,revisado
1985-10-10,20:49:35,no calculable,15.35,-93.31,33.0,"39 km al SUROESTE de PIJIJIAPAN, CHIS",1985-10-11,02:49:35,revisado
1985-10-10,21:13:49,no calculable,17.98,-103.11,33.0,"83 km al OESTE de LA MIRA, MICH",1985-10-11,03:13:49,revisado
1985-10-10,21:39:11,4.6,15.21,-90.98,5.0,"130 km al ESTE de CACAHOATAN, CHIS",1985-10-11,03:39:11,revisado
1985-10-10,22:39:06,no calculable,15.75,-94.72,15.0,"70 km al SURESTE de SALINA CRUZ, OAX",1985-10-11,04:39:06,revisado
1985-10-10,23:32:25,no calculable,18.33,-103.09,33.0,"50 km al SUR de COALCOMAN, MICH",1985-10-11,05:32:25,revisado
1985-10-11,07:56:53,no calculable,17.43,-101.93,33.0,"47 km al SUROESTE de ZIHUATANEJO, GRO",1985-10-11,13:56:53,revisado
1985-10-11,11:13:55,no calculable,19.5,-99.19,4.0,"2 km al NOROESTE de AZCAPOTZALCO, CDMX",1985-10-11,17:13:55,revisado
1985-10-11,12:58:48,no calculable,17.25,-101.75,33.0,"48 km al SUROESTE de ZIHUATANEJO, GRO",1985-10-11,18:58:48,revisado
1985-10-11,14:27:32,no calculable,15.34,-92.98,33.0,"15 km al SUROESTE de MAPASTEPEC, CHIS",1985-10-11,20:27:32,revisado
1985-10-11,19:59:07,no calculable,15.02,-93.12,33.0,"53 km al SUROESTE de MAPASTEPEC, CHIS",1985-10-12,01:59:07,revisado
1985-10-11,21:09:28,no calculable,15.35,-93.24,33.0,"37 km al SUR de PIJIJIAPAN, CHIS",1985-10-12,03:09:28,revisado
1985-10-11,21:29:16,no calculable,17.72,-94.89,70.0,"19 km al SURESTE de SAYULA DE ALEMAN, VER",1985-10-12,03:29:16,revisado
1985-10-11,21:40:42,no calculable,17.01,-95.62,33.0,"63 km al OESTE de MATIAS ROMERO, OAX",1985-10-12,03:40:42,revisado
1985-10-11,23:18:18,no calculable,15.27,-93.65,33.0,"66 km al SUROESTE de PIJIJIAPAN, CHIS",1985-10-12,05:18:18,revisado
1985-10-12,00:49:40,no calculable,17.21,-94.61,70.0,"59 km al NORESTE de MATIAS ROMERO, OAX",1985-10-12,06:49:40,revisado
1985-10-12,01:27:41,no calculable,16.93,-96.96,42.0,"20 km al SUROESTE de CUILAPAM, OAX",1985-10-12,07:27:41,revisado
1985-10-12,02:52:40,no calculable,17.75,-94.33,70.0,"31 km al SUROESTE de LAS CHOAPAS, VER",1985-10-12,08:52:40,revisado
1985-10-12,05:11:17,no calculable,17.5,-102.23,33.0,"50 km al SUR de CD LAZARO CARDENAS, MICH",1985-10-12,11:11:17,revisado
1985-10-12,06:12:46,no calculable,17.62,-102.11,33.0,"39 km al SURESTE de CD LAZARO CARDENAS, MICH",1985-10-12,12:12:46,revisado
1985-10-12,09:54:49,no calculable,17.21,-94.38,70.0,"80 km al NORESTE de MATIAS ROMERO, OAX",1985-10-12,15:54:49,revisado
1985-10-12,10:33:16,no calculable,17.57,-101.41,33.0,"15 km al OESTE de PETATLAN, GRO",1985-10-12,16:33:16,revisado
1985-10-12,11:41:11,no calculable,18.01,-102.41,33.0,"9 km al SUROESTE de LA MIRA, MICH",1985-10-12,17:41:11,revisado
1985-10-12,11:45:59,no calculable,17.37,-101.36,33.0,"21 km al SUROESTE de PETATLAN, GRO",1985-10-12,17:45:59,revisado
1985-10-12,12:32:37,no calculable,17.27,-101.92,33.0,"57 km al SUROESTE de ZIHUATANEJO, GRO",1985-10-12,18:32:37,revisado
1985-10-12,14:18:57,no calculable,14.43,-92.82,33.0,"77 km al SUROESTE de CD HIDALGO, CHIS",1985-10-12,20:18:57,revisado
1985-10-12,14:29:24,5.2,13.52,-89.81,75.0,"283 km al SURESTE de CD HIDALGO, CHIS",1985-10-12,20:29:24,revisado
1985-10-12,15:22:56,no calculable,16.08,-97.49,16.0,"10 km al NOROESTE de RIO GRANDE, OAX",1985-10-12,21:22:56,revisado
1985-10-13,10:57:56,no calculable,18.14,-103.04,33.0,"72 km al SUR de COALCOMAN, MICH",1985-10-13,16:57:56,revisado
1985-10-13,11:07:40,no calculable,18.2,-101.94,33.0,"35 km al NORESTE de LAS GUACAMAYAS, MICH",1985-10-13,17:07:40,revisado
1985-10-13,12:07:45,no calculable,18.98,-102.24,33.0,"16 km al SUROESTE de NUEVA ITALIA, MICH",1985-10-13,18:07:45,revisado
1985-10-13,15:33:06,no calculable,17.35,-102.12,33.0,"68 km al SUR de CD LAZARO CARDENAS, MICH",1985-10-13,21:33:06,revisado
1985-10-13,23:55:33,no calculable,16.02,-97.57,25.0,"15 km al OESTE de RIO GRANDE, OAX",1985-10-14,05:55:33,revisado
1985-10-14,02:29:34,no calculable,17.42,-94.85,70.0,"52 km al SUR de SAYULA DE ALEMAN, VER",1985-10-14,08:29:34,revisado
1985-10-14,04:00:45,no calculable,17.9,-101.56,33.0,"28 km al NORTE de ZIHUATANEJO, GRO",1985-10-14,10:00:45,revisado
1985-10-14,06:00:35,no calculable,19.54,-102.9,33.0,"36 km al SUROESTE de COTIJA, MICH",1985-10-14,12:00:35,revisado
1985-10-14,10:24:09,no calculable,18.05,-101.91,23.0,"32 km al ESTE de LAS GUACAMAYAS, MICH",1985-10-14,16:24:09,revisado
1985-10-14,12:44:25,no calculable,18.0,-101.5,10.0,"40 km al NORTE de ZIHUATANEJO, GRO",1985-10-14,18:44:25,revisado
1985-10-14,12:45:55,no calculable,19.16,-99.15,4.0,"5 km al SUR de S MIGUEL TOPILEJO, CDMX",1985-10-14,18:45:55,revisado
1985-10-14,12:58:08,no calculable,17.37,-99.4,33.0,"22 km al SUR de TIXTLA, GRO",1985-10-14,18:58:08,revisado
1985-10-14,17:10:20,no calculable,17.28,-100.65,33.0,"7 km al NOROESTE de TECPAN, GRO",1985-10-14,23:10:20,revisado
1985-10-14,23:06:11,no calculable,16.07,-96.26,33.0,"36 km al NOROESTE de CRUCECITA, OAX",1985-10-15,05:06:11,revisado
1985-10-14,23:59:34,4.7,18.3,-102.91,33.0,"59 km al SURESTE de COALCOMAN, MICH",1985-10-15,05:59:34,revisado
1985-10-15,00:45:57,no calculable,17.68,-94.67,152.0,"32 km al SUR de JALTIPAN DE MORELOS, VER",1985-10-15,06:45:57,revisado
1985-10-15,00:48:08,no calculable,16.99,-100.36,33.0,"25 km al SURESTE de ATOYAC DE ALVAREZ, GRO",1985-10-15,06:48:08,revisado
1985-10-15,03:26:24,no calculable,19.48,-99.24,4.0,"1 km al NOROESTE de NAUCALPAN DE JUAREZ, MEX",1985-10-15,09:26:24,revisado
1985-10-15,05:15:36,no calculable,16.27,-98.04,4.0,"8 km al SUR de PINOTEPA NACIONAL, OAX",1985-10-15,11:15:36,revisado
1985-10-15,12:20:12,no calculable,19.18,-99.16,4.0,"3 km al SUROESTE de S MIGUEL TOPILEJO, CDMX",1985-10-15,18:20:12,revisado
1985-10-15,22:24:45,no calculable,17.59,-101.88,33.0,"35 km al OESTE de ZIHUATANEJO, GRO",1985-10-16,04:24:45,revisado
1985-10-16,00:34:53,no calculable,17.07,-95.06,96.0,"22 km al NORTE de MATIAS ROMERO, OAX",1985-10-16,06:34:53,revisado
1985-10-16,03:14:52,no calculable,16.35,-98.21,33.0,"17 km al OESTE de PINOTEPA NACIONAL, OAX",1985-10-16,09:14:52,revisado
1985-10-16,05:00:29,no calculable,17.36,-101.98,33.0,"55 km al SUROESTE de ZIHUATANEJO, GRO",1985-10-16,11:00:29,revisado
1985-10-16,08:59:29,no calculable,17.84,-102.58,33.0,"34 km al SUROESTE de LA MIRA, MICH",1985-10-16,14:59:29,revisado
1985-10-16,10:39:13,no calculable,17.18,-94.66,120.0,"53 km al NORESTE de MATIAS ROMERO, OAX",1985-10-16,16:39:13,revisado
1985-10-16,12:26:08,no calculable,17.44,-101.94,33.0,"47 km al SUROESTE de ZIHUATANEJO, GRO",1985-10-16,18:26:08,revisado
1985-10-16,13:40:35,no calculable,19.35,-99.31,4.0,"3 km al NORESTE de SAN LORENZO ACOPILCO, CDMX",1985-10-16,19:40:35,revisado
1985-10-16,19:15:33,no calculable,15.69,-95.49,15.0,"63 km al SUROESTE de SALINA CRUZ, OAX",1985-10-17,01:15:33,revisado
1985-10-17,01:46:37,no calculable,18.15,-101.63,24.0,"57 km al NORTE de ZIHUATANEJO, GRO",1985-10-17,07:46:37,revisado
1985-10-17,04:02:57,no calculable,17.2,-101.71,33.0,"52 km al SUROESTE de ZIHUATANEJO, GRO",1985-10-17,10:02:57,revisado
1985-10-17,04:44:23,no calculable,18.0,-103.25,33.0,"86 km al SUR de COALCOMAN, MICH",1985-10-17,10:44:23,revisado
1985-10-17,06:58:43,no calculable,13.57,-90.97,33.0,"177 km al SURESTE de CD HIDALGO, CHIS",1985-10-17,12:58:43,revisado
1985-10-17,07:26:34,no calculable,16.0,-97.96,16.0,"39 km al SUR de PINOTEPA NACIONAL, OAX",1985-10-17,13:26:34,revisado
1985-10-17,08:45:55,no calculable,17.01,-101.76,33.0,"74 km al SUROESTE de ZIHUATANEJO, GRO",1985-10-17,14:45:55,revisado
1985-10-17,09:42:25,no calculable,19.23,-99.17,4.0,"4 km al NORESTE de S MIGUEL AJUSCO, CDMX",1985-10-17,15:42:25,revisado
1985-10-17,12:47:52,no calculable,19.16,-99.16,4.0,"5 km al SUROESTE de S MIGUEL TOPILEJO, CDMX",1985-10-17,18:47:52,revisado
1985-10-17,14:46:42,no calculable,16.46,-97.63,16.0,"47 km al NORESTE de PINOTEPA NACIONAL, OAX",1985-10-17,20:46:42,revisado
1985-10-17,15:41:22,no calculable,16.45,-93.36,33.0,"26 km al NOROESTE de VILLAFLORES, CHIS",1985-10-17,21:41:22,revisado
1985-10-17,15:57:32,no calculable,14.04,-93.97,15.0,"194 km al SUROESTE de MAPASTEPEC, CHIS",1985-10-17,21:57:32,revisado
1985-10-17,16:34:06,no calculable,14.08,-93.93,15.0,"187 km al SUROESTE de MAPASTEPEC, CHIS",1985-10-17,22:34:06,revisado
1985-10-17,22:30:38,no calculable,15.62,-94.85,15.0,"72 km al SURESTE de SALINA CRUZ, OAX",1985-10-18,04:30:38,revisado
1985-10-18,03:16:54,no calculable,17.68,-101.8,33.0,"27 km al OESTE de ZIHUATANEJO, GRO",1985-10-18,09:16:54,revisado
1985-10-18,11:54:09,no calculable,17.94,-98.3,33.0,"39 km al SUROESTE de ACATLAN DE OSORIO, PUE",1985-10-18,17:54:09,revisado
1985-10-18,12:51:28,no calculable,17.74,-101.83,33.0,"31 km al NOROESTE de ZIHUATANEJO, GRO",1985-10-18,18:51:28,revisado
1985-10-18,20:52:10,no calculable,17.8,-102.03,33.0,"26 km al SURESTE de CD LAZARO CARDENAS, MICH",1985-10-19,02:52:10,revisado
1985-10-19,01:53:42,no calculable,17.92,-101.62,33.0,"31 km al NORTE de ZIHUATANEJO, GRO",1985-10-19,07:53:42,revisado
1985-10-19,02:28:37,no calculable,19.09,-99.2,5.0,"14 km al SUROESTE de S MIGUEL TOPILEJO, CDMX",1985-10-19,08:28:37,revisado
1985-10-19,04:40:31,no calculable,15.88,-99.95,33.0,"110 km al SUR de ACAPULCO, GRO",1985-10-19,10:40:31,revisado
1985-10-19,07:09:00,no calculable,15.85,-98.47,33.0,"70 km al SUROESTE de PINOTEPA NACIONAL, OAX",1985-10-19,13:09:00,revisado
1985-10-19,07:58:06,no calculable,18.4,-102.29,33.0,"41 km al NORTE de LA MIRA, MICH",1985-10-19,13:58:06,revisado
1985-10-19,08:32:15,no calculable,14.96,-93.16,15.0,"61 km al SUROESTE de MAPASTEPEC, CHIS",1985-10-19,14:32:15,revisado
1985-10-19,13:19:02,no calculable,19.28,-99.29,4.0,"7 km al SURESTE de SAN LORENZO ACOPILCO, CDMX",1985-10-19,19:19:02,revisado
1985-10-19,15:25:03,no calculable,19.62,-98.73,4.0,"14 km al SURESTE de S MARTIN DE LAS PIRAMIDES, MEX",1985-10-19,21:25:03,revisado
1985-10-19,20:14:32,no calculable,17.53,-100.75,33.0,"36 km al NOROESTE de TECPAN, GRO",1985-10-20,02:14:32,revisado
1985-10-19,23:17:27,no calculable,19.8,-99.11,4.0,"1 km al NOROESTE de ZUMPANGO DE OCAMPO, MEX",1985-10-20,05:17:27,revisado
1985-10-19,23:33:16,no calculable,16.88,-100.34,33.0,"30 km al SUROESTE de COYUCA DE BENITEZ, GRO",1985-10-20,05:33:16,revisado
1985-10-20,00:04:57,no calculable,15.27,-93.43,33.0,"52 km al SUROESTE de PIJIJIAPAN, CHIS",1985-10-20,06:04:57,revisado
1985-10-20,00:55:28,no calculable,19.44,-99.16,4.0,"2 km al OESTE de CUAUHTEMOC, CDMX",1985-10-20,06:55:28,revisado
1985-10-20,04:01:47,no calculable,17.26,-101.85,33.0,"53 km al SUROESTE de ZIHUATANEJO, GRO",1985-10-20,10:01:47,revisado
1985-10-20,04:49:15,no calculable,17.68,-101.34,33.0,"17 km al NOROESTE de PETATLAN, GRO",1985-10-20,10:49:15,revisado
1985-10-20,04:55:52,no calculable,19.75,-99.3,4.0,"9 km al NOROESTE de TEPOTZOTLAN, MEX",1985-10-20,10:55:52,revisado
1985-10-20,09:21:53,no calculable,17.63,-94.8,70.0,"33 km al SURESTE de SAYULA DE ALEMAN, VER",1985-10-20,15:21:53,revisado
1985-10-20,13:45:12,no calculable,14.19,-91.95,33.0,"58 km al SURESTE de CD HIDALGO, CHIS",1985-10-20,19:45:12,revisado
1985-10-20,14:42:10,no calculable,17.11,-99.62,33.0,"40 km al NORESTE de ACAPULCO, GRO",1985-10-20,20:42:10,revisado
1985-10-20,16:40:51,no calculable,17.56,-102.93,33.0,"82 km al SUROESTE de LA MIRA, MICH",1985-10-20,22:40:51,revisado
1985-10-20,22:12:56,no calculable,16.38,-98.64,33.0,"42 km al SUROESTE de OMETEPEC, GRO",1985-10-21,04:12:56,revisado
1985-10-21,01:44:55,no calculable,13.76,-92.34,33.0,"104 km al SUR de CD HIDALGO, CHIS",1985-10-21,07:44:55,revisado
1985-10-21,16:08:18,no calculable,17.71,-102.04,16.0,"33 km al SURESTE de CD LAZARO CARDENAS, MICH",1985-10-21,22:08:18,revisado
1985-10-21,17:02:24,no calculable,14.86,-96.65,16.0,"100 km al SUR de S PEDRO POCHUTLA, OAX",1985-10-21,23:02:24,revisado
1985-10-21,17:09:04,no calculable,15.4,-96.7,16.0,"46 km al SUROESTE de S PEDRO POCHUTLA, OAX",1985-10-21,23:09:04,revisado
1985-10-21,17:16:39,no calculable,15.31,-96.68,16.0,"53 km al SUROESTE de S PEDRO POCHUTLA, OAX",1985-10-21,23:16:39,revisado
1985-10-21,17:50:26,no calculable,16.0,-98.59,16.0,"69 km al SUROESTE de PINOTEPA NACIONAL, OAX",1985-10-21,23:50:26,revisado
1985-10-21,20:58:07,no calculable,18.13,-102.29,33.0,"11 km al NORESTE de LA MIRA, MICH",1985-10-22,02:58:07,revisado
1985-10-21,22:17:44,no calculable,18.05,-102.18,16.0,"5 km al NORESTE de LAS GUACAMAYAS, MICH",1985-10-22,04:17:44,revisado
1985-10-21,22:35:32,no calculable,17.52,-102.05,33.0,"51 km al SURESTE de CD LAZARO CARDENAS, MICH",1985-10-22,04:35:32,revisado
1985-10-22,04:54:23,no calculable,16.67,-96.72,16.0,"14 km al SUROESTE de OCOTLAN DE MORELOS, OAX",1985-10-22,10:54:23,revisado
1985-10-22,08:04:19,no calculable,17.28,-101.64,33.0,"41 km al SUR de ZIHUATANEJO, GRO",1985-10-22,14:04:19,revisado
1985-10-22,08:10:11,no calculable,17.1,-101.65,33.0,"61 km al SUR de ZIHUATANEJO, GRO",1985-10-22,14:10:11,revisado
1985-10-22,08:36:13,no calculable,16.02,-95.86,31.0,"40 km al NORESTE de CRUCECITA, OAX",1985-10-22,14:36:13,revisado
1985-10-22,09:11:37,no calculable,15.77,-96.66,4.0,"21 km al OESTE de S PEDRO POCHUTLA, OAX",1985-10-22,15:11:37,revisado
1985-10-22,11:54:21,no calculable,16.99,-101.86,16.0,"79 km al SUROESTE de ZIHUATANEJO, GRO",1985-10-22,17:54:21,revisado
1985-10-22,12:23:31,no calculable,17.04,-101.76,33.0,"70 km al SUROESTE de ZIHUATANEJO, GRO",1985-10-22,18:23:31,revisado
1985-10-22,13:05:00,no calculable,17.03,-101.78,33.0,"72 km al SUROESTE de ZIHUATANEJO, GRO",1985-10-22,19:05:00,revisado
1985-10-22,14:24:25,no calculable,17.07,-101.63,33.0,"64 km al SUROESTE de PETATLAN, GRO",1985-10-22,20:24:25,revisado
1985-10-22,16:08:16,no calculable,16.66,-95.32,120.0,"26 km al NOROESTE de CD IXTEPEC, OAX",1985-10-22,22:08:16,revisado
1985-10-22,19:05:57,no calculable,17.93,-97.83,4.0,"15 km al NOROESTE de H HUAJUAPAN DE LEON, OAX",1985-10-23,01:05:57,revisado
1985-10-23,08:42:08,4.9,17.98,-102.63,33.0,"32 km al OESTE de LA MIRA, MICH",1985-10-23,14:42:08,revisado
1985-10-23,09:27:59,4.9,14.28,-92.26,33.0,"46 km al SUR de CD HIDALGO, CHIS",1985-10-23,15:27:59,revisado
1985-10-23,11:53:44,no calculable,17.4,-101.61,33.0,"28 km al SUR de ZIHUATANEJO, GRO",1985-10-23,17:53:44,revisado
1985-10-23,14:08:59,no calculable,17.8,-101.93,16.0,"34 km al SURESTE de CD LAZARO CARDENAS, MICH",1985-10-23,20:08:59,revisado
1985-10-23,15:09:04,no calculable,17.69,-103.1,33.0,"90 km al SUROESTE de LA MIRA, MICH",1985-10-23,21:09:04,revisado
1985-10-23,16:05:13,no calculable,14.85,-93.15,15.0,"71 km al SUROESTE de MAPASTEPEC, CHIS",1985-10-23,22:05:13,revisado
1985-10-24,12:12:57,no calculable,17.51,-102.03,16.0,"53 km al SURESTE de CD LAZARO CARDENAS, MICH",1985-10-24,18:12:57,revisado
1985-10-24,12:35:32,no calculable,19.08,-99.08,4.0,"11 km al NORTE de TEPOZTLAN, MOR",1985-10-24,18:35:32,revisado
1985-10-24,20:09:49,no calculable,17.54,-102.24,33.0,"46 km al SUR de CD LAZARO CARDENAS, MICH",1985-10-25,02:09:49,revisado
1985-10-24,20:47:34,no calculable,17.09,-94.59,126.0,"54 km al NORESTE de MATIAS ROMERO, OAX",1985-10-25,02:47:34,revisado
1985-10-25,02:51:21,no calculable,16.05,-93.91,16.0,"17 km al OESTE de TONALA, CHIS",1985-10-25,08:51:21,revisado
1985-10-25,06:27:44,no calculable,16.02,-97.18,33.0,"21 km al NOROESTE de PUERTO ESCONDIDO, OAX",1985-10-25,12:27:44,revisado
1985-10-25,09:17:39,no calculable,19.1,-99.17,4.0,"12 km al SUR de S MIGUEL TOPILEJO, CDMX",1985-10-25,15:17:39,revisado
1985-10-25,11:17:34,no calculable,19.08,-99.09,4.0,"11 km al NORTE de TEPOZTLAN, MOR",1985-10-25,17:17:34,revisado
1985-10-25,14:35:52,no calculable,19.41,-99.17,10.0,"2 km al NOROESTE de BENITO JUAREZ, CDMX",1985-10-25,20:35:52,revisado
1985-10-25,23:22:13,no calculable,18.07,-101.54,33.0,"47 km al NORTE de ZIHUATANEJO, GRO",1985-10-26,05:22:13,revisado
1985-10-26,01:38:57,no calculable,14.84,-93.75,15.0,"110 km al SUROESTE de PIJIJIAPAN, CHIS",1985-10-26,07:38:57,revisado
1985-10-26,03:19:06,4.4,13.09,-89.9,57.0,"300 km al SURESTE de CD HIDALGO, CHIS",1985-10-26,09:19:06,revisado
1985-10-26,03:28:42,no calculable,18.7,-99.43,4.0,"15 km al NOROESTE de PUENTE DE IXTLA, MOR",1985-10-26,09:28:42,revisado
1985-10-26,06:41:22,no calculable,18.78,-99.41,4.0,"19 km al OESTE de XOCHITEPEC, MOR",1985-10-26,12:41:22,revisado
1985-10-26,10:27:47,no calculable,17.23,-101.89,33.0,"58 km al SUROESTE de ZIHUATANEJO, GRO",1985-10-26,16:27:47,revisado
1985-10-26,11:10:42,no calculable,17.32,-102.06,16.0,"65 km al SUROESTE de ZIHUATANEJO, GRO",1985-10-26,17:10:42,revisado
1985-10-26,14:41:43,no calculable,16.89,-101.13,33.0,"65 km al SUROESTE de TECPAN, GRO",1985-10-26,20:41:43,revisado
1985-10-26,19:50:05,no calculable,18.25,-100.51,39.0,"21 km al SURESTE de CD ALTAMIRANO, GRO",1985-10-27,01:50:05,revisado
1985-10-27,02:37:38,no calculable,15.84,-97.11,33.0,"5 km al SUROESTE de PUERTO ESCONDIDO, OAX",1985-10-27,08:37:38,revisado
1985-10-27,04:18:27,no calculable,18.74,-99.51,6.0,"21 km al SURESTE de IXTAPAN DE LA SAL, MEX",1985-10-27,10:18:27,revisado
1985-10-27,10:26:30,no calculable,18.19,-103.19,33.0,"65 km al SUR de COALCOMAN, MICH",1985-10-27,16:26:30,revisado
1985-10-27,12:42:14,no calculable,19.65,-98.48,41.0,"7 km al SUROESTE de APAN, HGO",1985-10-27,18:42:14,revisado
1985-10-27,22:40:04,no calculable,14.61,-92.75,33.0,"62 km al SUROESTE de TAPACHULA, CHIS",1985-10-28,04:40:04,revisado
1985-10-28,01:29:53,no calculable,17.42,-94.91,120.0,"51 km al SUR de SAYULA DE ALEMAN, VER",1985-10-28,07:29:53,revisado
1985-10-28,03:01:10,no calculable,17.23,-101.33,33.0,"34 km al SUR de PETATLAN, GRO",1985-10-28,09:01:10,revisado
1985-10-28,06:30:32,no calculable,17.3,-101.93,16.0,"55 km al SUROESTE de ZIHUATANEJO, GRO",1985-10-28,12:30:32,revisado
1985-10-28,14:07:03,no calculable,15.07,-92.94,33.0,"41 km al SUR de MAPASTEPEC, CHIS",1985-10-28,20:07:03,revisado
1985-10-28,14:17:48,no calculable,17.22,-101.6,33.0,"47 km al SUR de ZIHUATANEJO, GRO",1985-10-28,20:17:48,revisado
1985-10-28,17:08:40,no calculable,16.45,-96.47,16.0,"19 km al NORESTE de MIAHUATLAN, OAX",1985-10-28,23:08:40,revisado
1985-10-29,00:26:23,no calculable,16.35,-98.95,33.0,"68 km al SURESTE de SAN MARCOS, GRO",1985-10-29,06:26:23,revisado
1985-10-29,00:56:06,no calculable,15.23,-93.64,33.0,"68 km al SUROESTE de PIJIJIAPAN, CHIS",1985-10-29,06:56:06,revisado
1985-10-29,01:51:00,no calculable,16.72,-99.75,33.0,"23 km al SURESTE de ACAPULCO, GRO",1985-10-29,07:51:00,revisado
1985-10-29,01:56:35,no calculable,17.77,-99.07,33.0,"22 km al NORESTE de CHILAPA DE ALVAREZ, GRO",1985-10-29,07:56:35,revisado
1985-10-29,03:56:38,no calculable,18.67,-99.38,33.0,"9 km al NOROESTE de PUENTE DE IXTLA, MOR",1985-10-29,09:56:38,revisado
1985-10-29,09:02:25,5.6,17.79,-102.58,16.0,"38 km al SUROESTE de LA MIRA, MICH",1985-10-29,15:02:25,revisado
1985-10-29,09:15:54,no calculable,18.45,-102.88,33.0,"47 km al SURESTE de COALCOMAN, MICH",1985-10-29,15:15:54,revisado
1985-10-29,20:30:37,4.7,16.49,-100.52,33.0,"73 km al SUROESTE de COYUCA DE BENITEZ, GRO",1985-10-30,02:30:37,revisado
1985-10-29,21:01:18,no calculable,16.98,-101.44,33.0,"64 km al SUROESTE de PETATLAN, GRO",1985-10-30,03:01:18,revisado
1985-10-29,21:05:56,no calculable,17.66,-102.25,33.0,"33 km al SUR de CD LAZARO CARDENAS, MICH",1985-10-30,03:05:56,revisado
1985-10-29,21:18:19,4.5,16.43,-100.59,33.0,"83 km al SUROESTE de COYUCA DE BENITEZ, GRO",1985-10-30,03:18:19,revisado
1985-10-29,22:39:37,no calculable,17.4,-101.24,33.0,"16 km al SUR de PETATLAN, GRO",1985-10-30,04:39:37,revisado
1985-10-29,23:02:08,no calculable,16.91,-100.28,33.0,"23 km al SUROESTE de COYUCA DE BENITEZ, GRO",1985-10-30,05:02:08,revisado
1985-10-29,23:58:22,no calculable,19.45,-99.12,4.0,"3 km al NORESTE de CUAUHTEMOC, CDMX",1985-10-30,05:58:22,revisado
1985-10-30,12:21:52,no calculable,19.21,-99.15,4.0,"1 km al NOROESTE de S MIGUEL TOPILEJO, CDMX",1985-10-30,18:21:52,revisado
1985-10-30,13:27:33,no calculable,17.42,-101.91,16.0,"45 km al SUROESTE de ZIHUATANEJO, GRO",1985-10-30,19:27:33,revisado
1985-10-30,18:22:18,no calculable,17.58,-101.52,33.0,"8 km al SURESTE de ZIHUATANEJO, GRO",1985-10-31,00:22:18,revisado
1985-10-30,19:27:08,4.9,16.6,-94.27,114.0,"57 km al NOROESTE de ARRIAGA , CHIS",1985-10-31,01:27:08,revisado
1985-10-31,01:10:21,no calculable,15.69,-94.53,15.0,"90 km al SURESTE de SALINA CRUZ, OAX",1985-10-31,07:10:21,revisado
1985-10-31,07:38:55,no calculable,15.95,-96.66,16.0,"31 km al NOROESTE de S PEDRO POCHUTLA, OAX",1985-10-31,13:38:55,revisado
1985-10-31,09:40:33,no calculable,19.13,-99.16,4.0,"8 km al SUR de S MIGUEL TOPILEJO, CDMX",1985-10-31,15:40:33,revisado
1985-10-31,13:24:22,no calculable,18.3,-102.87,33.0,"61 km al SURESTE de COALCOMAN, MICH",1985-10-31,19:24:22,revisado
1985-10-31,13:48:14,no calculable,16.42,-93.58,150.0,"34 km al SURESTE de CINTALAPA, CHIS",1985-10-31,19:48:14,revisado
1985-11-01,02:25:23,no calculable,13.48,-92.17,33.0,"133 km al SUR de CD HIDALGO, CHIS",1985-11-01,08:25:23,revisado
1985-11-01,08:04:21,no calculable,17.95,-101.75,5.0,"40 km al NOROESTE de ZIHUATANEJO, GRO",1985-11-01,14:04:21,revisado
1985-11-01,09:42:17,no calculable,17.25,-102.03,33.0,"67 km al SUROESTE de ZIHUATANEJO, GRO",1985-11-01,15:42:17,revisado
1985-11-01,13:25:36,no calculable,14.38,-92.6,33.0,"59 km al SUROESTE de CD HIDALGO, CHIS",1985-11-01,19:25:36,revisado
1985-11-01,22:44:53,no calculable,17.11,-100.72,33.0,"16 km al SUROESTE de TECPAN, GRO",1985-11-02,04:44:53,revisado
1985-11-02,02:46:51,no calculable,17.29,-103.78,33.0,"174 km al SUROESTE de LA MIRA, MICH",1985-11-02,08:46:51,revisado
1985-11-02,03:05:38,no calculable,14.93,-94.58,33.0,"153 km al SURESTE de SALINA CRUZ, OAX",1985-11-02,09:05:38,revisado
1985-11-02,09:56:30,no calculable,17.84,-101.84,33.0,"37 km al NOROESTE de ZIHUATANEJO, GRO",1985-11-02,15:56:30,revisado
1985-11-02,16:02:58,no calculable,16.24,-96.14,33.0,"49 km al ESTE de MIAHUATLAN, OAX",1985-11-02,22:02:58,revisado
1985-11-02,16:45:27,no calculable,17.17,-101.49,33.0,"47 km al SUROESTE de PETATLAN, GRO",1985-11-02,22:45:27,revisado
1985-11-02,17:08:10,no calculable,16.25,-98.53,33.0,"50 km al SUROESTE de OMETEPEC, GRO",1985-11-02,23:08:10,revisado
1985-11-02,19:59:50,no calculable,15.2,-93.24,33.0,"46 km al SUROESTE de MAPASTEPEC, CHIS",1985-11-03,01:59:50,revisado
1985-11-02,21:04:49,no calculable,15.25,-93.14,33.0,"34 km al SUROESTE de MAPASTEPEC, CHIS",1985-11-03,03:04:49,revisado
1985-11-02,23:30:16,no calculable,18.01,-102.11,15.0,"11 km al ESTE de LAS GUACAMAYAS, MICH",1985-11-03,05:30:16,revisado
1985-11-03,01:52:41,no calculable,17.67,-101.31,33.0,"15 km al NORTE de PETATLAN, GRO",1985-11-03,07:52:41,revisado
1985-11-03,11:14:01,no calculable,14.56,-94.58,33.0,"191 km al SUROESTE de TONALA, CHIS",1985-11-03,17:14:01,revisado
1985-11-03,14:52:26,no calculable,16.42,-99.15,33.0,"49 km al SURESTE de SAN MARCOS, GRO",1985-11-03,20:52:26,revisado
1985-11-03,16:42:51,no calculable,17.27,-101.91,33.0,"56 km al SUROESTE de ZIHUATANEJO, GRO",1985-11-03,22:42:51,revisado
1985-11-03,16:56:36,no calculable,16.07,-96.65,33.0,"29 km al SUR de MIAHUATLAN, OAX",1985-11-03,22:56:36,revisado
1985-11-03,17:06:39,no calculable,17.31,-99.33,15.0,"29 km al SUR de TIXTLA, GRO",1985-11-03,23:06:39,revisado
1985-11-03,20:34:33,no calculable,15.57,-93.22,33.0,"13 km al SUR de PIJIJIAPAN, CHIS",1985-11-04,02:34:33,revisado
1985-11-03,20:46:54,no calculable,18.89,-102.74,33.0,"35 km al SURESTE de TEPALCATEPEC, MICH",1985-11-04,02:46:54,revisado
1985-11-04,03:06:54,no calculable,14.96,-93.91,33.0,"110 km al SUROESTE de PIJIJIAPAN, CHIS",1985-11-04,09:06:54,revisado
1985-11-04,07:50:28,no calculable,17.46,-94.71,156.0,"54 km al SURESTE de SAYULA DE ALEMAN, VER",1985-11-04,13:50:28,revisado
1985-11-04,11:28:48,no calculable,15.08,-94.53,33.0,"139 km al SUROESTE de TONALA, CHIS",1985-11-04,17:28:48,revisado
1985-11-04,11:32:05,no calculable,14.4,-94.53,15.0,"201 km al SUROESTE de PIJIJIAPAN, CHIS",1985-11-04,17:32:05,revisado
1985-11-04,13:53:37,no calculable,15.02,-95.91,33.0,"86 km al SURESTE de CRUCECITA, OAX",1985-11-04,19:53:37,revisado
1985-11-04,14:00:25,no calculable,14.45,-92.2,33.0,"26 km al SUR de CD HIDALGO, CHIS",1985-11-04,20:00:25,revisado
1985-11-04,16:39:42,no calculable,15.55,-94.75,15.0,"85 km al SURESTE de SALINA CRUZ, OAX",1985-11-04,22:39:42,revisado
1985-11-04,17:46:12,no calculable,15.42,-96.69,33.0,"43 km al SUROESTE de S PEDRO POCHUTLA, OAX",1985-11-04,23:46:12,revisado
1985-11-04,21:31:25,no calculable,16.89,-101.84,33.0,"89 km al SUROESTE de ZIHUATANEJO, GRO",1985-11-05,03:31:25,revisado
1985-11-04,22:16:55,no calculable,13.63,-91.8,33.0,"122 km al SURESTE de CD HIDALGO, CHIS",1985-11-05,04:16:55,revisado
1985-11-04,22:52:26,no calculable,19.3,-97.75,5.0,"10 km al SUROESTE de TEQUIXQUITLA, TLAX",1985-11-05,04:52:26,revisado
1985-11-05,00:01:13,no calculable,16.15,-98.65,33.0,"64 km al SUROESTE de OMETEPEC, GRO",1985-11-05,06:01:13,revisado
1985-11-05,00:51:17,no calculable,17.22,-94.31,70.0,"80 km al SUROESTE de LAS CHOAPAS, VER",1985-11-05,06:51:17,revisado
1985-11-05,01:00:07,no calculable,15.46,-95.53,33.0,"73 km al SURESTE de CRUCECITA, OAX",1985-11-05,07:00:07,revisado
1985-11-05,09:43:34,no calculable,19.62,-97.46,33.0,"24 km al NOROESTE de PEROTE, VER",1985-11-05,15:43:34,revisado
1985-11-05,12:02:27,no calculable,17.56,-94.21,70.0,"41 km al SUROESTE de LAS CHOAPAS, VER",1985-11-05,18:02:27,revisado
1985-11-05,12:23:46,no calculable,14.61,-93.01,33.0,"83 km al SUROESTE de HUIXTLA, CHIS",1985-11-05,18:23:46,revisado
1985-11-05,14:36:52,no calculable,14.87,-94.47,33.0,"155 km al SUROESTE de TONALA, CHIS",1985-11-05,20:36:52,revisado
1985-11-05,15:42:47,no calculable,13.96,-91.74,33.0,"91 km al SURESTE de CD HIDALGO, CHIS",1985-11-05,21:42:47,revisado
1985-11-05,16:12:25,no calculable,16.02,-94.25,33.0,"44 km al SUROESTE de ARRIAGA , CHIS",1985-11-05,22:12:25,revisado
1985-11-05,17:15:30,no calculable,14.35,-92.89,33.0,"87 km al SUROESTE de CD HIDALGO, CHIS",1985-11-05,23:15:30,revisado
1985-11-05,18:46:40,no calculable,15.9,-91.2,33.0,"95 km al SURESTE de LAS MARGARITAS, CHIS",1985-11-06,00:46:40,revisado
1985-11-05,18:52:52,no calculable,14.14,-92.26,33.0,"61 km al SUR de CD HIDALGO, CHIS",1985-11-06,00:52:52,revisado
1985-11-05,23:53:16,no calculable,17.61,-95.02,50.0,"31 km al SUR de SAYULA DE ALEMAN, VER",1985-11-06,05:53:16,revisado
1985-11-06,02:56:44,no calculable,16.1,-98.44,33.0,"49 km al SUROESTE de PINOTEPA NACIONAL, OAX",1985-11-06,08:56:44,revisado
1985-11-06,03:05:05,no calculable,16.17,-98.15,5.0,"22 km al SUROESTE de PINOTEPA NACIONAL, OAX",1985-11-06,09:05:05,revisado
1985-11-06,05:43:34,no calculable,16.53,-100.5,33.0,"69 km al SUROESTE de COYUCA DE BENITEZ, GRO",1985-11-06,11:43:34,revisado
1985-11-06,07:16:34,no calculable,16.95,-103.38,33.0,"164 km al SUROESTE de LA MIRA, MICH",1985-11-06,13:16:34,revisado
1985-11-06,08:27:40,no calculable,14.84,-99.57,33.0,"217 km al SUR de SAN MARCOS, GRO",1985-11-06,14:27:40,revisado
1985-11-06,23:32:25,no calculable,15.47,-93.25,33.0,"24 km al SUR de PIJIJIAPAN, CHIS",1985-11-07,05:32:25,revisado
1985-11-07,01:56:41,no calculable,15.02,-93.25,33.0,"60 km al SUROESTE de MAPASTEPEC, CHIS",1985-11-07,07:56:41,revisado
1985-11-07,08:44:34,no calculable,17.04,-95.46,80.0,"48 km al NOROESTE de MATIAS ROMERO, OAX",1985-11-07,14:44:34,revisado
1985-11-07,11:34:58,no calculable,17.16,-94.89,70.0,"36 km al NORESTE de MATIAS ROMERO, OAX",1985-11-07,17:34:58,revisado
1985-11-07,12:20:13,no calculable,14.5,-93.27,33.0,"112 km al SUROESTE de HUIXTLA, CHIS",1985-11-07,18:20:13,revisado
1985-11-07,19:54:23,no calculable,17.97,-102.37,8.0,"8 km al SUROESTE de LA MIRA, MICH",1985-11-08,01:54:23,revisado
1985-11-07,20:06:16,no calculable,18.82,-99.34,5.0,"12 km al NOROESTE de XOCHITEPEC, MOR",1985-11-08,02:06:16,revisado
1985-11-07,20:52:51,no calculable,14.29,-92.99,33.0,"100 km al SUROESTE de CD HIDALGO, CHIS",1985-11-08,02:52:51,revisado
1985-11-08,00:50:40,no calculable,15.95,-94.32,24.0,"55 km al SUROESTE de ARRIAGA , CHIS",1985-11-08,06:50:40,revisado
1985-11-08,04:54:08,no calculable,14.33,-93.85,33.0,"160 km al SUROESTE de MAPASTEPEC, CHIS",1985-11-08,10:54:08,revisado
1985-11-08,10:48:21,3.8,17.18,-105.4,33.0,"237 km al SUROESTE de MANZANILLO, COL",1985-11-08,16:48:21,revisado
1985-11-08,12:36:14,no calculable,17.27,-101.38,33.0,"32 km al SUROESTE de PETATLAN, GRO",1985-11-08,18:36:14,revisado
1985-11-08,12:46:31,no calculable,17.37,-101.38,33.0,"22 km al SUROESTE de PETATLAN, GRO",1985-11-08,18:46:31,revisado
1985-11-08,14:19:39,no calculable,17.21,-95.0,125.0,"38 km al NORTE de MATIAS ROMERO, OAX",1985-11-08,20:19:39,revisado
1985-11-08,16:55:33,no calculable,16.96,-102.04,33.0,"92 km al SUROESTE de ZIHUATANEJO, GRO",1985-11-08,22:55:33,revisado
1985-11-08,17:06:41,no calculable,16.97,-101.93,33.0,"85 km al SUROESTE de ZIHUATANEJO, GRO",1985-11-08,23:06:41,revisado
1985-11-08,17:12:48,no calculable,14.73,-93.56,33.0,"106 km al SUROESTE de MAPASTEPEC, CHIS",1985-11-08,23:12:48,revisado
1985-11-08,20:05:04,no calculable,17.73,-102.32,33.0,"28 km al SUROESTE de CD LAZARO CARDENAS, MICH",1985-11-09,02:05:04,revisado
1985-11-08,21:48:05,no calculable,15.73,-95.81,33.0,"35 km al ESTE de CRUCECITA, OAX",1985-11-09,03:48:05,revisado
1985-11-09,00:20:30,no calculable,17.66,-95.97,80.0,"50 km al SURESTE de TUXTEPEC, OAX",1985-11-09,06:20:30,revisado
1985-11-09,01:35:35,no calculable,15.91,-98.23,33.0,"51 km al SUROESTE de PINOTEPA NACIONAL, OAX",1985-11-09,07:35:35,revisado
1985-11-09,07:22:54,no calculable,17.17,-86.31,33.0,"258 km al SURESTE de CHETUMAL, QR",1985-11-09,13:22:54,revisado
1985-11-09,08:30:33,no calculable,15.88,-94.59,15.0,"71 km al SURESTE de UNION HIDALGO, OAX",1985-11-09,14:30:33,revisado
1985-11-09,09:35:26,no calculable,17.19,-95.07,33.0,"35 km al NORTE de MATIAS ROMERO, OAX",1985-11-09,15:35:26,revisado
1985-11-09,13:08:39,no calculable,14.17,-91.4,33.0,"99 km al SURESTE de CD HIDALGO, CHIS",1985-11-09,19:08:39,revisado
1985-11-09,14:30:33,no calculable,15.68,-98.81,33.0,"109 km al SUROESTE de PINOTEPA NACIONAL, OAX",1985-11-09,20:30:33,revisado
1985-11-09,17:47:06,no calculable,17.52,-101.68,33.0,"19 km al SUROESTE de ZIHUATANEJO, GRO",1985-11-09,23:47:06,revisado
1985-11-09,21:14:50,no calculable,18.14,-102.71,33.0,"42 km al NOROESTE de LA MIRA, MICH",1985-11-10,03:14:50,revisado
1985-11-09,23:55:25,no calculable,17.19,-102.06,33.0,"74 km al SUROESTE de ZIHUATANEJO, GRO",1985-11-10,05:55:25,revisado
1985-11-09,23:59:00,no calculable,17.19,-101.9,33.0,"62 km al SUROESTE de ZIHUATANEJO, GRO",1985-11-10,05:59:00,revisado
1985-11-10,02:22:29,no calculable,17.79,-95.5,33.0,"25 km al SUROESTE de J RODRIGUEZ CLARA, VER",1985-11-10,08:22:29,revisado
1985-11-10,06:53:11,no calculable,13.99,-93.91,33.0,"194 km al SUROESTE de MAPASTEPEC, CHIS",1985-11-10,12:53:11,revisado
1985-11-10,07:07:59,no calculable,14.92,-92.44,33.0,"19 km al OESTE de TAPACHULA, CHIS",1985-11-10,13:07:59,revisado
1985-11-10,07:42:16,no calculable,15.57,-94.76,33.0,"82 km al SURESTE de SALINA CRUZ, OAX",1985-11-10,13:42:16,revisado
1985-11-10,14:58:14,no calculable,17.35,-101.44,33.0,"27 km al SUROESTE de PETATLAN, GRO",1985-11-10,20:58:14,revisado
1985-11-10,18:21:38,no calculable,15.79,-96.19,33.0,"6 km al NOROESTE de CRUCECITA, OAX",1985-11-11,00:21:38,revisado
1985-11-10,18:58:53,no calculable,17.43,-94.58,33.0,"61 km al SUR de JALTIPAN DE MORELOS, VER",1985-11-11,00:58:53,revisado
1985-11-10,20:51:52,no calculable,17.04,-102.1,33.0,"89 km al SUROESTE de ZIHUATANEJO, GRO",1985-11-11,02:51:52,revisado
1985-11-10,22:18:50,no calculable,14.76,-94.44,33.0,"164 km al SUROESTE de TONALA, CHIS",1985-11-11,04:18:50,revisado
1985-11-10,22:55:17,no calculable,16.95,-101.99,33.0,"90 km al SUROESTE de ZIHUATANEJO, GRO",1985-11-11,04:55:17,revisado
1985-11-11,00:56:54,no calculable,17.75,-103.1,33.0,"87 km al SUROESTE de LA MIRA, MICH",1985-11-11,06:56:54,revisado
1985-11-11,03:25:27,no calculable,17.7,-101.51,33.0,"8 km al NORESTE de ZIHUATANEJO, GRO",1985-11-11,09:25:27,revisado
1985-11-11,03:56:00,no calculable,17.98,-102.28,15.0,"4 km al SUR de BUENOS AIRES, MICH",1985-11-11,09:56:00,revisado
1985-11-11,04:13:39,no calculable,14.23,-92.59,33.0,"69 km al SUROESTE de CD HIDALGO, CHIS",1985-11-11,10:13:39,revisado
1985-11-11,06:30:49,no calculable,15.81,-99.39,33.0,"109 km al SUR de SAN MARCOS, GRO",1985-11-11,12:30:49,revisado
1985-11-11,06:45:50,no calculable,17.52,-95.6,33.0,"56 km al SUROESTE de J RODRIGUEZ CLARA, VER",1985-11-11,12:45:50,revisado
1985-11-11,09:45:03,no calculable,17.09,-97.66,33.0,"20 km al SUR de H TLAXIACO, OAX",1985-11-11,15:45:03,revisado
1985-11-11,14:23:10,no calculable,14.87,-94.32,33.0,"147 km al SUROESTE de TONALA, CHIS",1985-11-11,20:23:10,revisado
1985-11-11,15:21:49,no calculable,15.99,-98.07,15.0,"39 km al SUR de PINOTEPA NACIONAL, OAX",1985-11-11,21:21:49,revisado
1985-11-11,21:25:55,no calculable,17.22,-102.06,33.0,"72 km al SUROESTE de ZIHUATANEJO, GRO",1985-11-12,03:25:55,revisado
1985-11-12,00:23:44,no calculable,15.61,-95.79,33.0,"41 km al SURESTE de CRUCECITA, OAX",1985-11-12,06:23:44,revisado
1985-11-12,01:18:33,no calculable,15.54,-93.89,33.0,"62 km al SUR de TONALA, CHIS",1985-11-12,07:18:33,revisado
1985-11-12,05:41:09,no calculable,18.78,-103.39,33.0,"24 km al OESTE de COALCOMAN, MICH",1985-11-12,11:41:09,revisado
1985-11-12,07:49:47,no calculable,17.96,-102.86,15.0,"57 km al OESTE de LA MIRA, MICH",1985-11-12,13:49:47,revisado
1985-11-12,15:47:59,no calculable,15.97,-92.96,109.0,"41 km al NORESTE de PIJIJIAPAN, CHIS",1985-11-12,21:47:59,revisado
1985-11-12,17:08:01,no calculable,15.02,-90.72,33.0,"155 km al ESTE de CACAHOATAN, CHIS",1985-11-12,23:08:01,revisado
1985-11-12,17:35:25,no calculable,17.85,-102.58,33.0,"33 km al SUROESTE de LA MIRA, MICH",1985-11-12,23:35:25,revisado
1985-11-12,22:12:05,no calculable,16.04,-90.82,33.0,"128 km al ESTE de LAS MARGARITAS, CHIS",1985-11-13,04:12:05,revisado
1985-11-13,02:34:57,no calculable,17.34,-102.16,33.0,"68 km al SUR de CD LAZARO CARDENAS, MICH",1985-11-13,08:34:57,revisado
1985-11-13,06:35:09,no calculable,16.57,-93.8,101.0,"16 km al SUROESTE de CINTALAPA, CHIS",1985-11-13,12:35:09,revisado
1985-11-13,13:10:07,no calculable,14.5,-93.6,33.0,"129 km al SUROESTE de MAPASTEPEC, CHIS",1985-11-13,19:10:07,revisado
1985-11-13,14:04:22,no calculable,16.94,-95.31,56.0,"30 km al OESTE de MATIAS ROMERO, OAX",1985-11-13,20:04:22,revisado
1985-11-13,20:38:11,no calculable,16.26,-94.41,70.0,"51 km al SURESTE de UNION HIDALGO, OAX",1985-11-14,02:38:11,revisado
1985-11-14,00:53:01,no calculable,15.24,-87.75,33.0,"366 km al SUR de CHETUMAL, QR",1985-11-14,06:53:01,revisado
1985-11-14,01:23:32,no calculable,15.93,-97.24,33.0,"20 km al NOROESTE de PUERTO ESCONDIDO, OAX",1985-11-14,07:23:32,revisado
1985-11-14,04:50:38,no calculable,18.59,-102.94,33.0,"31 km al SURESTE de COALCOMAN, MICH",1985-11-14,10:50:38,revisado
1985-11-14,05:51:17,no calculable,17.97,-103.42,33.0,"93 km al SUROESTE de COALCOMAN, MICH",1985-11-14,11:51:17,revisado
1985-11-14,06:06:40,no calculable,14.29,-93.07,33.0,"108 km al SUROESTE de CD HIDALGO, CHIS",1985-11-14,12:06:40,revisado
1985-11-14,07:27:36,no calculable,16.85,-93.11,33.0,"11 km al NORTE de TUXTLA GUTIERREZ, CHIS",1985-11-14,13:27:36,revisado
1985-11-14,09:55:22,no calculable,14.37,-92.43,33.0,"45 km al SUROESTE de CD HIDALGO, CHIS",1985-11-14,15:55:22,revisado
1985-11-14,12:54:46,no calculable,15.26,-93.23,33.0,"41 km al SUROESTE de MAPASTEPEC, CHIS",1985-11-14,18:54:46,revisado
1985-11-14,14:39:30,no calculable,16.2,-97.08,33.0,"37 km al NORTE de PUERTO ESCONDIDO, OAX",1985-11-14,20:39:30,revisado
1985-11-14,18:35:54,no calculable,16.77,-94.52,70.0,"46 km al NORESTE de UNION HIDALGO, OAX",1985-11-15,00:35:54,revisado
1985-11-14,23:30:57,no calculable,17.57,-94.5,70.0,"47 km al SUR de MINATITLAN, VER",1985-11-15,05:30:57,revisado
1985-11-15,02:51:55,no calculable,19.41,-102.56,33.0,"19 km al SUROESTE de PERIBAN, MICH",1985-11-15,08:51:55,revisado
1985-11-15,02:54:33,no calculable,18.94,-102.33,33.0,"17 km al SUR de APATZINGAN, MICH",1985-11-15,08:54:33,revisado
1985-11-15,03:38:24,no calculable,17.77,-103.38,33.0,"114 km al SUR de COALCOMAN, MICH",1985-11-15,09:38:24,revisado
1985-11-15,09:06:03,no calculable,15.83,-98.27,33.0,"61 km al SUROESTE de PINOTEPA NACIONAL, OAX",1985-11-15,15:06:03,revisado
1985-11-15,21:32:10,no calculable,14.96,-94.88,33.0,"139 km al SUR de SALINA CRUZ, OAX",1985-11-16,03:32:10,revisado
1985-11-15,22:22:39,no calculable,16.13,-93.19,133.0,"14 km al SURESTE de VILLAFLORES, CHIS",1985-11-16,04:22:39,revisado
1985-11-15,23:47:06,no calculable,17.31,-102.08,33.0,"67 km al SUROESTE de ZIHUATANEJO, GRO",1985-11-16,05:47:06,revisado
1985-11-16,01:08:12,no calculable,14.96,-90.43,33.0,"187 km al ESTE de CACAHOATAN, CHIS",1985-11-16,07:08:12,revisado
1985-11-16,05:21:29,no calculable,15.48,-93.24,33.0,"23 km al SUR de PIJIJIAPAN, CHIS",1985-11-16,11:21:29,revisado
1985-11-16,10:01:58,no calculable,18.66,-102.13,33.0,"40 km al SUR de NUEVA ITALIA, MICH",1985-11-16,16:01:58,revisado
1985-11-16,11:10:42,no calculable,16.15,-98.71,33.0,"67 km al SUROESTE de OMETEPEC, GRO",1985-11-16,17:10:42,revisado
1985-11-16,12:16:08,no calculable,13.23,-90.1,33.0,"273 km al SURESTE de CD HIDALGO, CHIS",1985-11-16,18:16:08,revisado
1985-11-16,13:50:02,no calculable,16.1,-99.56,33.0,"79 km al SUR de SAN MARCOS, GRO",1985-11-16,19:50:02,revisado
1985-11-16,19:15:43,no calculable,16.23,-98.22,33.0,"22 km al SUROESTE de PINOTEPA NACIONAL, OAX",1985-11-17,01:15:43,revisado
1985-11-16,22:40:34,no calculable,17.82,-103.22,33.0,"97 km al OESTE de LA MIRA, MICH",1985-11-17,04:40:34,revisado
1985-11-16,23:12:58,no calculable,14.12,-91.9,33.0,"67 km al SURESTE de CD HIDALGO, CHIS",1985-11-17,05:12:58,revisado
1985-11-17,01:14:46,no calculable,17.76,-102.98,33.0,"75 km al SUROESTE de LA MIRA, MICH",1985-11-17,07:14:46,revisado
1985-11-17,03:42:01,no calculable,15.73,-91.67,33.0,"51 km al ESTE de FRONTERA COMALAPA, CHIS",1985-11-17,09:42:01,revisado
1985-11-17,06:17:57,no calculable,15.97,-96.83,33.0,"28 km al NORESTE de PUERTO ESCONDIDO, OAX",1985-11-17,12:17:57,revisado
1985-11-17,06:26:09,no calculable,18.36,-102.73,33.0,"55 km al NOROESTE de LA MIRA, MICH",1985-11-17,12:26:09,revisado
1985-11-17,10:00:57,no calculable,17.84,-101.19,33.0,"35 km al NORTE de PETATLAN, GRO",1985-11-17,16:00:57,revisado
1985-11-17,13:01:56,no calculable,18.95,-96.08,33.0,"16 km al SURESTE de EL TEJAR, VER",1985-11-17,19:01:56,revisado
1985-11-17,16:35:25,no calculable,17.8,-102.12,33.0,"20 km al SURESTE de CD LAZARO CARDENAS, MICH",1985-11-17,22:35:25,revisado
1985-11-17,18:56:55,no calculable,17.25,-101.76,33.0,"49 km al SUROESTE de ZIHUATANEJO, GRO",1985-11-18,00:56:55,revisado
1985-11-18,00:24:56,no calculable,16.93,-98.65,33.0,"38 km al NOROESTE de OMETEPEC, GRO",1985-11-18,06:24:56,revisado
1985-11-18,01:09:08,no calculable,15.43,-92.92,33.0,"3 km al SUROESTE de MAPASTEPEC, CHIS",1985-11-18,07:09:08,revisado
1985-11-18,02:52:34,no calculable,18.37,-103.09,15.0,"46 km al SUR de COALCOMAN, MICH",1985-11-18,08:52:34,revisado
1985-11-18,13:36:11,no calculable,15.05,-96.87,33.0,"88 km al SUROESTE de S PEDRO POCHUTLA, OAX",1985-11-18,19:36:11,revisado
1985-11-18,14:49:10,no calculable,18.49,-102.91,16.0,"41 km al SURESTE de COALCOMAN, MICH",1985-11-18,20:49:10,revisado
1985-11-18,17:51:08,no calculable,13.46,-92.41,33.0,"138 km al SUR de CD HIDALGO, CHIS",1985-11-18,23:51:08,revisado
1985-11-18,17:58:38,no calculable,14.02,-92.87,33.0,"106 km al SUROESTE de CD HIDALGO, CHIS",1985-11-18,23:58:38,revisado
1985-11-18,20:51:54,no calculable,17.11,-101.86,15.0,"68 km al SUROESTE de ZIHUATANEJO, GRO",1985-11-19,02:51:54,revisado
1985-11-18,22:52:38,no calculable,13.99,-93.84,33.0,"190 km al SUROESTE de MAPASTEPEC, CHIS",1985-11-19,04:52:38,revisado
1985-11-19,04:15:54,no calculable,13.5,-91.5,33.0,"148 km al SURESTE de CD HIDALGO, CHIS",1985-11-19,10:15:54,revisado
1985-11-19,04:34:36,no calculable,15.59,-96.44,33.0,"17 km al SUR de S PEDRO POCHUTLA, OAX",1985-11-19,10:34:36,revisado
1985-11-19,10:30:53,no calculable,15.25,-94.28,33.0,"108 km al SUROESTE de TONALA, CHIS",1985-11-19,16:30:53,revisado
1985-11-19,14:17:10,no calculable,14.71,-88.79,33.0,"362 km al ESTE de CD HIDALGO, CHIS",1985-11-19,20:17:10,revisado
1985-11-19,19:28:04,no calculable,17.86,-102.14,33.0,"13 km al SURESTE de CD LAZARO CARDENAS, MICH",1985-11-20,01:28:04,revisado
1985-11-19,21:39:38,no calculable,13.96,-91.93,33.0,"83 km al SURESTE de CD HIDALGO, CHIS",1985-11-20,03:39:38,revisado
1985-11-19,22:01:04,no calculable,17.2,-101.54,33.0,"47 km al SUROESTE de PETATLAN, GRO",1985-11-20,04:01:04,revisado
1985-11-19,22:45:47,no calculable,15.64,-93.69,47.0,"50 km al SUR de TONALA, CHIS",1985-11-20,04:45:47,revisado
1985-11-20,12:13:45,no calculable,14.45,-92.97,33.0,"92 km al SUROESTE de TAPACHULA, CHIS",1985-11-20,18:13:45,revisado
1985-11-20,18:55:22,no calculable,13.18,-89.88,33.0,"296 km al SURESTE de CD HIDALGO, CHIS",1985-11-21,00:55:22,revisado
1985-11-20,19:18:36,no calculable,17.81,-94.21,33.0,"17 km al SUROESTE de LAS CHOAPAS, VER",1985-11-21,01:18:36,revisado
1985-11-21,03:48:34,no calculable,15.09,-93.16,33.0,"48 km al SUROESTE de MAPASTEPEC, CHIS",1985-11-21,09:48:34,revisado
1985-11-21,06:49:59,no calculable,15.24,-93.12,33.0,"33 km al SUROESTE de MAPASTEPEC, CHIS",1985-11-21,12:49:59,revisado
1985-11-21,08:01:41,no calculable,14.16,-92.53,33.0,"70 km al SUROESTE de CD HIDALGO, CHIS",1985-11-21,14:01:41,revisado
1985-11-21,13:50:08,no calculable,17.13,-101.74,33.0,"60 km al SUROESTE de ZIHUATANEJO, GRO",1985-11-21,19:50:08,revisado
1985-11-21,19:36:24,no calculable,17.45,-101.83,33.0,"37 km al SUROESTE de ZIHUATANEJO, GRO",1985-11-22,01:36:24,revisado
1985-11-21,22:01:41,no calculable,17.36,-101.27,33.0,"20 km al SUR de PETATLAN, GRO",1985-11-22,04:01:41,revisado
1985-11-21,22:10:58,no calculable,17.24,-101.34,33.0,"34 km al SUR de PETATLAN, GRO",1985-11-22,04:10:58,revisado
1985-11-22,06:33:44,no calculable,14.28,-92.57,33.0,"63 km al SUROESTE de CD HIDALGO, CHIS",1985-11-22,12:33:44,revisado
1985-11-22,16:24:41,no calculable,17.36,-101.86,33.0,"45 km al SUROESTE de ZIHUATANEJO, GRO",1985-11-22,22:24:41,revisado
1985-11-22,17:24:22,no calculable,17.23,-100.35,33.0,"9 km al ESTE de ATOYAC DE ALVAREZ, GRO",1985-11-22,23:24:22,revisado
1985-11-22,19:06:36,no calculable,18.1,-101.3,33.0,"57 km al NORESTE de ZIHUATANEJO, GRO",1985-11-23,01:06:36,revisado
1985-11-23,05:16:04,no calculable,17.93,-101.78,33.0,"40 km al NOROESTE de ZIHUATANEJO, GRO",1985-11-23,11:16:04,revisado
1985-11-23,16:36:09,no calculable,15.5,-94.85,15.0,"84 km al SURESTE de SALINA CRUZ, OAX",1985-11-23,22:36:09,revisado
1985-11-23,21:30:48,no calculable,14.62,-91.5,33.0,"70 km al ESTE de CD HIDALGO, CHIS",1985-11-24,03:30:48,revisado
1985-11-23,23:16:10,no calculable,17.36,-101.82,33.0,"42 km al SUROESTE de ZIHUATANEJO, GRO",1985-11-24,05:16:10,revisado
1985-11-24,02:38:41,no calculable,16.31,-97.9,33.0,"17 km al ESTE de PINOTEPA NACIONAL, OAX",1985-11-24,08:38:41,revisado
1985-11-24,03:44:07,no calculable,15.33,-98.52,33.0,"123 km al SUROESTE de PINOTEPA NACIONAL, OAX",1985-11-24,09:44:07,revisado
1985-11-24,03:54:22,no calculable,15.64,-98.14,33.0,"78 km al SUR de PINOTEPA NACIONAL, OAX",1985-11-24,09:54:22,revisado
1985-11-24,04:26:18,no calculable,16.0,-98.78,33.0,"85 km al SUROESTE de OMETEPEC, GRO",1985-11-24,10:26:18,revisado
1985-11-24,20:45:19,no calculable,18.03,-102.07,33.0,"15 km al ESTE de LAS GUACAMAYAS, MICH",1985-11-25,02:45:19,revisado
1985-11-24,20:48:55,no calculable,13.93,-91.34,33.0,"120 km al SURESTE de CD HIDALGO, CHIS",1985-11-25,02:48:55,revisado
1985-11-25,04:57:25,no calculable,14.11,-93.07,33.0,"117 km al SUROESTE de CD HIDALGO, CHIS",1985-11-25,10:57:25,revisado
1985-11-25,06:55:07,no calculable,14.07,-91.87,33.0,"74 km al SURESTE de CD HIDALGO, CHIS",1985-11-25,12:55:07,revisado
1985-11-25,09:39:01,no calculable,15.99,-95.85,25.0,"39 km al NORESTE de CRUCECITA, OAX",1985-11-25,15:39:01,revisado
1985-11-25,13:06:09,no calculable,15.56,-93.68,33.0,"52 km al SUROESTE de PIJIJIAPAN, CHIS",1985-11-25,19:06:09,revisado
1985-11-26,01:12:31,no calculable,15.96,-96.12,33.0,"21 km al NORTE de CRUCECITA, OAX",1985-11-26,07:12:31,revisado
1985-11-26,03:57:00,no calculable,17.99,-103.46,33.0,"93 km al SUROESTE de COALCOMAN, MICH",1985-11-26,09:57:00,revisado
1985-11-26,08:30:54,no calculable,13.3,-91.09,33.0,"191 km al SURESTE de CD HIDALGO, CHIS",1985-11-26,14:30:54,revisado
1985-11-26,09:36:57,no calculable,15.98,-94.22,24.0,"44 km al SUROESTE de ARRIAGA , CHIS",1985-11-26,15:36:57,revisado
1985-11-26,12:54:03,no calculable,15.13,-93.0,33.0,"36 km al SUROESTE de MAPASTEPEC, CHIS",1985-11-26,18:54:03,revisado
1985-11-26,17:47:41,no calculable,16.35,-95.98,33.0,"65 km al ESTE de MIAHUATLAN, OAX",1985-11-26,23:47:41,revisado
1985-11-26,18:53:34,no calculable,19.08,-103.02,33.0,"22 km al SUROESTE de TEPALCATEPEC, MICH",1985-11-27,00:53:34,revisado
1985-11-26,20:57:32,no calculable,17.56,-94.01,33.0,"40 km al SUR de LAS CHOAPAS, VER",1985-11-27,02:57:32,revisado
1985-11-26,22:33:07,no calculable,16.8,-94.81,50.0,"26 km al SURESTE de MATIAS ROMERO, OAX",1985-11-27,04:33:07,revisado
1985-11-27,06:51:17,no calculable,15.24,-94.17,33.0,"104 km al SUROESTE de TONALA, CHIS",1985-11-27,12:51:17,revisado
1985-11-27,08:25:54,no calculable,15.7,-90.79,33.0,"144 km al SURESTE de LAS MARGARITAS, CHIS",1985-11-27,14:25:54,revisado
1985-11-27,09:09:02,no calculable,13.95,-91.59,33.0,"101 km al SURESTE de CD HIDALGO, CHIS",1985-11-27,15:09:02,revisado
1985-11-27,09:46:02,no calculable,13.55,-91.46,33.0,"145 km al SURESTE de CD HIDALGO, CHIS",1985-11-27,15:46:02,revisado
1985-11-27,14:29:24,no calculable,18.32,-102.51,33.0,"37 km al NOROESTE de LA MIRA, MICH",1985-11-27,20:29:24,revisado
1985-11-27,17:29:21,no calculable,17.17,-102.03,33.0,"73 km al SUROESTE de ZIHUATANEJO, GRO",1985-11-27,23:29:21,revisado
1985-11-27,23:45:34,no calculable,17.24,-101.58,33.0,"45 km al SUR de ZIHUATANEJO, GRO",1985-11-28,05:45:34,revisado
1985-11-28,01:19:58,no calculable,13.37,-90.09,33.0,"265 km al SURESTE de CD HIDALGO, CHIS",1985-11-28,07:19:58,revisado
1985-11-28,07:37:56,no calculable,17.36,-101.91,33.0,"49 km al SUROESTE de ZIHUATANEJO, GRO",1985-11-28,13:37:56,revisado
1985-11-28,08:23:18,no calculable,19.38,-99.14,1.0,"3 km al SURESTE de BENITO JUAREZ, CDMX",1985-11-28,14:23:18,revisado
1985-11-28,09:13:28,no calculable,13.8,-91.42,33.0,"125 km al SURESTE de CD HIDALGO, CHIS",1985-11-28,15:13:28,revisado
1985-11-28,11:41:21,no calculable,15.92,-94.1,15.0,"41 km al SUROESTE de ARRIAGA , CHIS",1985-11-28,17:41:21,revisado
1985-11-28,19:12:07,no calculable,14.24,-92.61,33.0,"69 km al SUROESTE de CD HIDALGO, CHIS",1985-11-29,01:12:07,revisado
1985-11-28,23:19:19,no calculable,17.63,-96.85,33.0,"59 km al NORTE de STA MARIA ATZOMPA, OAX",1985-11-29,05:19:19,revisado
1985-11-29,16:05:54,no calculable,13.72,-91.36,33.0,"136 km al SURESTE de CD HIDALGO, CHIS",1985-11-29,22:05:54,revisado
1985-11-30,11:27:10,no calculable,16.15,-97.51,5.0,"17 km al NOROESTE de RIO GRANDE, OAX",1985-11-30,17:27:10,revisado
1985-12-01,06:45:58,no calculable,16.69,-94.93,70.0,"23 km al NORESTE de CD IXTEPEC, OAX",1985-12-01,12:45:58,revisado
1985-12-01,11:04:48,no calculable,13.04,-89.26,33.0,"361 km al SURESTE de CD HIDALGO, CHIS",1985-12-01,17:04:48,revisado
1985-12-01,13:35:48,no calculable,18.16,-103.37,33.0,"72 km al SUROESTE de COALCOMAN, MICH",1985-12-01,19:35:48,revisado
1985-12-01,13:57:02,no calculable,15.23,-92.1,5.0,"22 km al SURESTE de MOTOZINTLA, CHIS",1985-12-01,19:57:02,revisado
1985-12-01,17:38:32,no calculable,17.65,-94.58,8.0,"38 km al SUR de MINATITLAN, VER",1985-12-01,23:38:32,revisado
1985-12-01,18:38:29,no calculable,13.67,-90.72,33.0,"190 km al SURESTE de CD HIDALGO, CHIS",1985-12-02,00:38:29,revisado
1985-12-02,10:27:44,no calculable,18.09,-103.17,9.0,"76 km al SUR de COALCOMAN, MICH",1985-12-02,16:27:44,revisado
1985-12-02,17:48:52,no calculable,17.43,-101.38,16.0,"16 km al SUROESTE de PETATLAN, GRO",1985-12-02,23:48:52,revisado
1985-12-02,23:42:43,no calculable,16.36,-93.84,33.0,"15 km al NORESTE de ARRIAGA , CHIS",1985-12-03,05:42:43,revisado
1985-12-03,07:08:00,no calculable,13.74,-89.95,33.0,"259 km al SURESTE de CD HIDALGO, CHIS",1985-12-03,13:08:00,revisado
1985-12-03,12:46:28,no calculable,13.95,-91.05,33.0,"143 km al SURESTE de CD HIDALGO, CHIS",1985-12-03,18:46:28,revisado
1985-12-03,12:55:59,no calculable,15.09,-94.52,16.0,"137 km al SUROESTE de TONALA, CHIS",1985-12-03,18:55:59,revisado
1985-12-04,03:05:02,4.3,13.63,-90.78,57.0,"188 km al SURESTE de CD HIDALGO, CHIS",1985-12-04,09:05:02,revisado
1985-12-04,12:12:13,no calculable,19.46,-102.41,33.0,"6 km al SUR de PERIBAN, MICH",1985-12-04,18:12:13,revisado
1985-12-04,16:57:50,no calculable,15.9,-97.41,33.0,"13 km al SUR de RIO GRANDE, OAX",1985-12-04,22:57:50,revisado
1985-12-04,19:13:47,no calculable,15.65,-97.95,33.0,"68 km al SUROESTE de RIO GRANDE, OAX",1985-12-05,01:13:47,revisado
1985-12-05,00:45:41,no calculable,19.61,-99.51,4.0,"20 km al NORTE de V CUAUHTEMOC, MEX",1985-12-05,06:45:41,revisado
1985-12-05,03:30:02,no calculable,15.11,-94.54,33.0,"137 km al SUROESTE de TONALA, CHIS",1985-12-05,09:30:02,revisado
1985-12-05,04:33:38,no calculable,17.7,-94.53,33.0,"32 km al SUR de MINATITLAN, VER",1985-12-05,10:33:38,revisado
1985-12-05,06:56:19,no calculable,13.5,-93.58,60.0,"202 km al SUROESTE de CD HIDALGO, CHIS",1985-12-05,12:56:19,revisado
1985-12-05,09:42:13,no calculable,17.78,-101.75,16.0,"26 km al NOROESTE de ZIHUATANEJO, GRO",1985-12-05,15:42:13,revisado
1985-12-05,14:47:17,no calculable,15.58,-93.42,16.0,"25 km al SUROESTE de PIJIJIAPAN, CHIS",1985-12-05,20:47:17,revisado
1985-12-05,16:51:06,no calculable,15.97,-94.38,33.0,"59 km al SUROESTE de ARRIAGA , CHIS",1985-12-05,22:51:06,revisado
1985-12-05,20:46:40,no calculable,14.24,-92.83,15.0,"88 km al SUROESTE de CD HIDALGO, CHIS",1985-12-06,02:46:40,revisado
1985-12-05,22:26:05,no calculable,18.2,-94.51,7.0,"10 km al NOROESTE de COATZACOALCOS, VER",1985-12-06,04:26:05,revisado
1985-12-05,23:44:34,no calculable,18.09,-103.55,33.0,"86 km al SUROESTE de COALCOMAN, MICH",1985-12-06,05:44:34,revisado
1985-12-06,02:04:37,no calculable,14.24,-91.67,33.0,"71 km al SURESTE de CD HIDALGO, CHIS",1985-12-06,08:04:37,revisado
1985-12-06,03:25:05,no calculable,17.27,-101.93,16.0,"58 km al SUROESTE de ZIHUATANEJO, GRO",1985-12-06,09:25:05,revisado
1985-12-06,05:34:01,no calculable,17.34,-101.49,16.0,"32 km al SUROESTE de PETATLAN, GRO",1985-12-06,11:34:01,revisado
1985-12-06,06:37:06,no calculable,15.92,-94.42,33.0,"66 km al SUROESTE de ARRIAGA , CHIS",1985-12-06,12:37:06,revisado
1985-12-06,10:44:29,no calculable,17.81,-102.99,33.0,"74 km al SUROESTE de LA MIRA, MICH",1985-12-06,16:44:29,revisado
1985-12-06,11:26:21,no calculable,17.35,-94.88,70.0,"56 km al NORESTE de MATIAS ROMERO, OAX",1985-12-06,17:26:21,revisado
1985-12-06,11:58:09,2.6,32.41,-116.33,8.0,"34 km al SURESTE de TECATE, BC",1985-12-06,17:58:09,revisado
1985-12-07,04:37:59,no calculable,14.17,-92.22,70.0,"57 km al SUR de CD HIDALGO, CHIS",1985-12-07,10:37:59,revisado
1985-12-07,08:50:00,no calculable,15.31,-94.09,33.0,"93 km al SUROESTE de TONALA, CHIS",1985-12-07,14:50:00,revisado
1985-12-07,12:41:46,no calculable,16.38,-98.22,5.0,"18 km al OESTE de PINOTEPA NACIONAL, OAX",1985-12-07,18:41:46,revisado
1985-12-07,15:25:00,no calculable,19.38,-102.5,33.0,"18 km al SUROESTE de PERIBAN, MICH",1985-12-07,21:25:00,revisado
1985-12-07,17:52:12,no calculable,18.63,-101.13,33.0,"25 km al OESTE de HUETAMO, MICH",1985-12-07,23:52:12,revisado
1985-12-07,17:58:53,no calculable,13.93,-92.31,33.0,"85 km al SUR de CD HIDALGO, CHIS",1985-12-07,23:58:53,revisado
1985-12-07,19:23:29,no calculable,19.24,-97.72,5.0,"9 km al ESTE de CD RAFAEL LARA GRAJALES, PUE",1985-12-08,01:23:29,revisado
1985-12-07,20:12:42,no calculable,17.96,-98.32,40.0,"39 km al SUROESTE de ACATLAN DE OSORIO, PUE",1985-12-08,02:12:42,revisado
1985-12-07,21:43:08,no calculable,17.24,-102.39,9.0,"81 km al SUR de CD LAZARO CARDENAS, MICH",1985-12-08,03:43:08,revisado
1985-12-07,22:14:27,no calculable,15.82,-94.93,16.0,"49 km al SURESTE de SALINA CRUZ, OAX",1985-12-08,04:14:27,revisado
1985-12-07,22:27:54,no calculable,15.44,-92.98,33.0,"9 km al OESTE de MAPASTEPEC, CHIS",1985-12-08,04:27:54,revisado
1985-12-08,03:30:53,no calculable,17.48,-94.59,33.0,"55 km al SUR de JALTIPAN DE MORELOS, VER",1985-12-08,09:30:53,revisado
1985-12-08,03:42:56,no calculable,16.91,-100.44,9.0,"33 km al SUR de ATOYAC DE ALVAREZ, GRO",1985-12-08,09:42:56,revisado
1985-12-08,12:04:31,no calculable,16.79,-101.97,33.0,"104 km al SUROESTE de ZIHUATANEJO, GRO",1985-12-08,18:04:31,revisado
1985-12-08,18:15:00,no calculable,18.72,-97.6,33.0,"20 km al SUR de PALMARITO TOCHAPAN, PUE",1985-12-09,00:15:00,revisado
1985-12-08,21:09:18,no calculable,18.21,-102.87,16.0,"60 km al NOROESTE de LA MIRA, MICH",1985-12-09,03:09:18,revisado
1985-12-08,23:21:05,no calculable,17.43,-101.57,33.0,"24 km al SUR de ZIHUATANEJO, GRO",1985-12-09,05:21:05,revisado
1985-12-09,01:20:46,no calculable,17.6,-101.94,5.0,"42 km al OESTE de ZIHUATANEJO, GRO",1985-12-09,07:20:46,revisado
1985-12-09,04:01:51,no calculable,16.08,-97.38,33.0,"10 km al NORESTE de RIO GRANDE, OAX",1985-12-09,10:01:51,revisado
1985-12-09,05:57:50,no calculable,17.28,-101.9,16.0,"55 km al SUROESTE de ZIHUATANEJO, GRO",1985-12-09,11:57:50,revisado
1985-12-09,06:11:56,no calculable,17.39,-102.21,33.0,"63 km al SUR de CD LAZARO CARDENAS, MICH",1985-12-09,12:11:56,revisado
1985-12-09,06:26:19,no calculable,17.49,-101.93,33.0,"44 km al SUROESTE de ZIHUATANEJO, GRO",1985-12-09,12:26:19,revisado
1985-12-09,19:46:21,no calculable,17.31,-101.55,33.0,"37 km al SUR de ZIHUATANEJO, GRO",1985-12-10,01:46:21,revisado
1985-12-09,22:13:57,no calculable,17.54,-101.96,5.0,"45 km al OESTE de ZIHUATANEJO, GRO",1985-12-10,04:13:57,revisado
1985-12-09,23:52:02,no calculable,15.84,-93.7,33.0,"28 km al SUR de TONALA, CHIS",1985-12-10,05:52:02,revisado
1985-12-10,01:41:28,no calculable,17.33,-101.35,33.0,"24 km al SUROESTE de PETATLAN, GRO",1985-12-10,07:41:28,revisado
1985-12-10,02:16:34,no calculable,18.18,-103.52,33.0,"76 km al SUROESTE de COALCOMAN, MICH",1985-12-10,08:16:34,revisado
1985-12-10,03:54:16,no calculable,19.18,-97.8,4.0,"5 km al SUR de CD RAFAEL LARA GRAJALES, PUE",1985-12-10,09:54:16,revisado
1985-12-10,05:23:41,no calculable,18.09,-101.72,15.0,"52 km al NOROESTE de ZIHUATANEJO, GRO",1985-12-10,11:23:41,revisado
1985-12-10,08:17:27,no calculable,16.04,-94.03,33.0,"26 km al SUROESTE de ARRIAGA , CHIS",1985-12-10,14:17:27,revisado
1985-12-10,10:11:53,no calculable,15.9,-97.52,9.0,"15 km al SUROESTE de RIO GRANDE, OAX",1985-12-10,16:11:53,revisado
1985-12-10,10:48:04,no calculable,15.39,-96.46,33.0,"39 km al SUR de S PEDRO POCHUTLA, OAX",1985-12-10,16:48:04,revisado
1985-12-10,11:06:36,no calculable,18.39,-103.42,33.0,"51 km al SUROESTE de COALCOMAN, MICH",1985-12-10,17:06:36,revisado
1985-12-10,17:43:55,no calculable,18.27,-100.71,9.0,"11 km al SUROESTE de CD ALTAMIRANO, GRO",1985-12-10,23:43:55,revisado
1985-12-10,19:24:51,no calculable,18.77,-101.8,33.0,"42 km al SURESTE de NUEVA ITALIA, MICH",1985-12-11,01:24:51,revisado
1985-12-10,20:41:00,no calculable,13.41,-89.9,33.0,"281 km al SURESTE de CD HIDALGO, CHIS",1985-12-11,02:41:00,revisado
1985-12-10,21:36:45,no calculable,15.86,-99.51,33.0,"104 km al SUR de SAN MARCOS, GRO",1985-12-11,03:36:45,revisado
1985-12-10,21:49:33,no calculable,18.29,-98.3,5.0,"28 km al NOROESTE de ACATLAN DE OSORIO, PUE",1985-12-11,03:49:33,revisado
1985-12-10,22:08:01,no calculable,17.99,-98.9,52.0,"46 km al SUROESTE de CHIAUTLA DE TAPIA, PUE",1985-12-11,04:08:01,revisado
1985-12-11,05:23:21,no calculable,16.91,-99.88,16.0,"5 km al NORESTE de ACAPULCO, GRO",1985-12-11,11:23:21,revisado
1985-12-11,05:37:31,no calculable,17.41,-100.78,33.0,"26 km al NOROESTE de TECPAN, GRO",1985-12-11,11:37:31,revisado
1985-12-11,12:39:34,no calculable,14.49,-92.83,16.0,"76 km al SUROESTE de CD HIDALGO, CHIS",1985-12-11,18:39:34,revisado
1985-12-11,13:59:46,no calculable,14.53,-93.46,50.0,"118 km al SUROESTE de MAPASTEPEC, CHIS",1985-12-11,19:59:46,revisado
1985-12-11,15:50:07,no calculable,16.93,-97.82,16.0,"40 km al SUROESTE de H TLAXIACO, OAX",1985-12-11,21:50:07,revisado
1985-12-11,17:30:02,no calculable,14.19,-93.48,33.0,"151 km al SUROESTE de HUIXTLA, CHIS",1985-12-11,23:30:02,revisado
1985-12-11,19:41:53,no calculable,17.68,-102.17,33.0,"31 km al SUR de CD LAZARO CARDENAS, MICH",1985-12-12,01:41:53,revisado
1985-12-12,01:14:36,no calculable,16.43,-98.9,4.0,"60 km al SUROESTE de OMETEPEC, GRO",1985-12-12,07:14:36,revisado
1985-12-12,01:22:01,no calculable,16.86,-101.68,9.0,"86 km al SUROESTE de PETATLAN, GRO",1985-12-12,07:22:01,revisado
1985-12-12,02:23:24,no calculable,14.03,-93.22,33.0,"136 km al SUROESTE de CD HIDALGO, CHIS",1985-12-12,08:23:24,revisado
1985-12-12,02:28:31,no calculable,14.67,-92.11,33.0,"5 km al ESTE de CD HIDALGO, CHIS",1985-12-12,08:28:31,revisado
1985-12-12,03:07:34,no calculable,14.02,-92.8,33.0,"101 km al SUROESTE de CD HIDALGO, CHIS",1985-12-12,09:07:34,revisado
1985-12-12,03:20:42,no calculable,15.52,-97.29,33.0,"45 km al SUROESTE de PUERTO ESCONDIDO, OAX",1985-12-12,09:20:42,revisado
1985-12-12,04:57:54,no calculable,16.99,-94.42,33.0,"67 km al ESTE de MATIAS ROMERO, OAX",1985-12-12,10:57:54,revisado
1985-12-12,05:58:28,no calculable,17.01,-99.74,33.0,"23 km al NORESTE de ACAPULCO, GRO",1985-12-12,11:58:28,revisado
1985-12-12,06:48:33,no calculable,13.51,-92.75,33.0,"144 km al SUROESTE de CD HIDALGO, CHIS",1985-12-12,12:48:33,revisado
1985-12-12,10:18:27,4.7,14.28,-93.39,33.0,"137 km al SUROESTE de HUIXTLA, CHIS",1985-12-12,16:18:27,revisado
1985-12-12,10:59:29,no calculable,14.15,-93.24,33.0,"131 km al SUROESTE de CD HIDALGO, CHIS",1985-12-12,16:59:29,revisado
1985-12-12,11:03:23,no calculable,14.05,-93.31,33.0,"143 km al SUROESTE de CD HIDALGO, CHIS",1985-12-12,17:03:23,revisado
1985-12-12,11:40:35,no calculable,14.06,-93.3,33.0,"141 km al SUROESTE de CD HIDALGO, CHIS",1985-12-12,17:40:35,revisado
1985-12-12,14:15:53,no calculable,13.47,-93.62,33.0,"207 km al SUROESTE de CD HIDALGO, CHIS",1985-12-12,20:15:53,revisado
1985-12-12,15:48:05,no calculable,14.05,-93.17,15.0,"130 km al SUROESTE de CD HIDALGO, CHIS",1985-12-12,21:48:05,revisado
1985-12-12,16:00:57,no calculable,15.21,-94.43,15.0,"121 km al SUROESTE de TONALA, CHIS",1985-12-12,22:00:57,revisado
1985-12-12,19:44:49,no calculable,14.06,-93.61,33.0,"171 km al SUROESTE de MAPASTEPEC, CHIS",1985-12-13,01:44:49,revisado
1985-12-12,22:48:26,no calculable,15.94,-93.64,33.0,"20 km al SURESTE de TONALA, CHIS",1985-12-13,04:48:26,revisado
1985-12-13,01:10:00,no calculable,14.05,-91.73,150.0,"83 km al SURESTE de CD HIDALGO, CHIS",1985-12-13,07:10:00,revisado
1985-12-13,01:22:37,no calculable,17.19,-94.6,70.0,"59 km al NORESTE de MATIAS ROMERO, OAX",1985-12-13,07:22:37,revisado
1985-12-13,03:33:55,no calculable,14.72,-93.25,33.0,"89 km al SUROESTE de MAPASTEPEC, CHIS",1985-12-13,09:33:55,revisado
1985-12-13,05:47:01,no calculable,17.45,-94.65,33.0,"57 km al SUR de JALTIPAN DE MORELOS, VER",1985-12-13,11:47:01,revisado
1985-12-13,08:47:29,no calculable,16.63,-99.97,33.0,"28 km al SUROESTE de ACAPULCO, GRO",1985-12-13,14:47:29,revisado
1985-12-13,13:38:38,no calculable,17.88,-103.45,33.0,"104 km al SUROESTE de COALCOMAN, MICH",1985-12-13,19:38:38,revisado
1985-12-13,13:45:21,no calculable,17.87,-103.34,33.0,"102 km al SUR de COALCOMAN, MICH",1985-12-13,19:45:21,revisado
1985-12-13,15:54:08,no calculable,15.2,-94.1,33.0,"105 km al SUROESTE de TONALA, CHIS",1985-12-13,21:54:08,revisado
1985-12-13,16:34:13,no calculable,13.55,-91.45,9.0,"146 km al SURESTE de CD HIDALGO, CHIS",1985-12-13,22:34:13,revisado
1985-12-13,21:29:27,no calculable,16.55,-100.51,33.0,"68 km al SUROESTE de COYUCA DE BENITEZ, GRO",1985-12-14,03:29:27,revisado
1985-12-13,22:48:13,no calculable,31.88,-115.79,8.0,"76 km al ESTE de RODOLFO SANCHEZ T(MRO), BC",1985-12-14,04:48:13,revisado
1985-12-14,01:21:04,no calculable,17.92,-101.32,15.0,"39 km al NORESTE de ZIHUATANEJO, GRO",1985-12-14,07:21:04,revisado
1985-12-14,01:52:18,no calculable,16.4,-101.57,33.0,"130 km al SUR de PETATLAN, GRO",1985-12-14,07:52:18,revisado
1985-12-14,01:56:28,no calculable,17.92,-103.35,33.0,"97 km al SUR de COALCOMAN, MICH",1985-12-14,07:56:28,revisado
1985-12-14,02:35:32,no calculable,17.63,-94.97,70.0,"28 km al SUR de SAYULA DE ALEMAN, VER",1985-12-14,08:35:32,revisado
1985-12-14,04:44:31,no calculable,17.85,-101.9,33.0,"35 km al SURESTE de CD LAZARO CARDENAS, MICH",1985-12-14,10:44:31,revisado
1985-12-14,06:56:16,no calculable,17.48,-95.19,33.0,"51 km al SUROESTE de SAYULA DE ALEMAN, VER",1985-12-14,12:56:16,revisado
1985-12-14,06:56:46,2.7,31.86,-115.79,8.0,"75 km al ESTE de RODOLFO SANCHEZ T(MRO), BC",1985-12-14,12:56:46,revisado
1985-12-14,18:15:05,no calculable,16.36,-89.31,33.0,"257 km al SURESTE de TENOSIQUE, TAB",1985-12-15,00:15:05,revisado
1985-12-14,20:47:28,no calculable,13.9,-91.98,33.0,"88 km al SUR de CD HIDALGO, CHIS",1985-12-15,02:47:28,revisado
1985-12-14,22:15:40,no calculable,16.27,-93.87,33.0,"5 km al NORESTE de ARRIAGA , CHIS",1985-12-15,04:15:40,revisado
1985-12-15,00:09:03,no calculable,15.13,-93.75,33.0,"85 km al SUROESTE de PIJIJIAPAN, CHIS",1985-12-15,06:09:03,revisado
1985-12-15,03:59:37,no calculable,16.33,-98.18,15.0,"14 km al OESTE de PINOTEPA NACIONAL, OAX",1985-12-15,09:59:37,revisado
1985-12-15,12:27:15,no calculable,17.73,-102.28,15.0,"26 km al SUROESTE de CD LAZARO CARDENAS, MICH",1985-12-15,18:27:15,revisado
1985-12-15,13:56:43,no calculable,17.26,-101.85,15.0,"53 km al SUROESTE de ZIHUATANEJO, GRO",1985-12-15,19:56:43,revisado
1985-12-15,20:22:28,no calculable,17.95,-102.87,16.0,"58 km al OESTE de LA MIRA, MICH",1985-12-16,02:22:28,revisado
1985-12-15,20:44:36,no calculable,17.13,-101.92,16.0,"69 km al SUROESTE de ZIHUATANEJO, GRO",1985-12-16,02:44:36,revisado
1985-12-15,22:47:49,no calculable,15.5,-94.87,33.0,"83 km al SURESTE de SALINA CRUZ, OAX",1985-12-16,04:47:49,revisado
1985-12-16,07:43:37,no calculable,31.94,-116.55,8.0,"10 km al NORESTE de ENSENADA, BC",1985-12-16,13:43:37,revisado
1985-12-16,12:37:22,no calculable,15.45,-93.48,33.0,"39 km al SUROESTE de PIJIJIAPAN, CHIS",1985-12-16,18:37:22,revisado
1985-12-16,14:20:00,no calculable,14.78,-92.37,33.0,"18 km al SUROESTE de TAPACHULA, CHIS",1985-12-16,20:20:00,revisado
1985-12-16,20:03:26,no calculable,16.8,-100.25,33.0,"29 km al SUROESTE de COYUCA DE BENITEZ, GRO",1985-12-17,02:03:26,revisado
1985-12-17,06:01:27,no calculable,16.98,-94.95,60.0,"15 km al NORESTE de MATIAS ROMERO, OAX",1985-12-17,12:01:27,revisado
1985-12-17,07:23:09,no calculable,17.18,-100.41,16.0,"4 km al SURESTE de ATOYAC DE ALVAREZ, GRO",1985-12-17,13:23:09,revisado
1985-12-17,08:33:28,no calculable,16.88,-99.0,33.0,"43 km al ESTE de SAN MARCOS, GRO",1985-12-17,14:33:28,revisado
1985-12-17,09:23:23,no calculable,18.22,-103.45,15.0,"69 km al SUROESTE de COALCOMAN, MICH",1985-12-17,15:23:23,revisado
1985-12-17,13:30:04,no calculable,18.21,-103.48,33.0,"71 km al SUROESTE de COALCOMAN, MICH",1985-12-17,19:30:04,revisado
1985-12-17,13:51:05,no calculable,17.53,-101.9,33.0,"39 km al SUROESTE de ZIHUATANEJO, GRO",1985-12-17,19:51:05,revisado
1985-12-17,17:35:17,no calculable,15.02,-96.17,33.0,"83 km al SUR de CRUCECITA, OAX",1985-12-17,23:35:17,revisado
1985-12-17,19:01:30,no calculable,16.14,-97.66,16.0,"28 km al NOROESTE de RIO GRANDE, OAX",1985-12-18,01:01:30,revisado
1985-12-17,20:02:45,no calculable,18.14,-103.44,5.0,"76 km al SUROESTE de COALCOMAN, MICH",1985-12-18,02:02:45,revisado
1985-12-18,02:14:09,no calculable,16.48,-94.15,70.0,"38 km al NOROESTE de ARRIAGA , CHIS",1985-12-18,08:14:09,revisado
1985-12-18,04:19:23,no calculable,15.91,-94.85,33.0,"48 km al SURESTE de SALINA CRUZ, OAX",1985-12-18,10:19:23,revisado
1985-12-18,06:06:10,no calculable,14.73,-91.61,33.0,"59 km al ESTE de CD HIDALGO, CHIS",1985-12-18,12:06:10,revisado
1985-12-18,06:32:06,no calculable,14.44,-94.5,33.0,"195 km al SUROESTE de PIJIJIAPAN, CHIS",1985-12-18,12:32:06,revisado
1985-12-18,06:36:20,no calculable,18.0,-103.4,33.0,"90 km al SUROESTE de COALCOMAN, MICH",1985-12-18,12:36:20,revisado
1985-12-18,07:51:35,no calculable,17.61,-94.93,33.0,"30 km al SUR de SAYULA DE ALEMAN, VER",1985-12-18,13:51:35,revisado
1985-12-18,12:38:47,no calculable,31.84,-115.76,8.0,"78 km al ESTE de RODOLFO SANCHEZ T(MRO), BC",1985-12-18,18:38:47,revisado
1985-12-18,15:58:42,no calculable,16.31,-99.05,33.0,"65 km al SURESTE de SAN MARCOS, GRO",1985-12-18,21:58:42,revisado
1985-12-18,16:19:45,no calculable,16.27,-97.0,16.0,"44 km al OESTE de MIAHUATLAN, OAX",1985-12-18,22:19:45,revisado
1985-12-18,18:50:51,no calculable,15.86,-96.53,16.0,"15 km al NOROESTE de S PEDRO POCHUTLA, OAX",1985-12-19,00:50:51,revisado
1985-12-18,20:49:02,no calculable,16.07,-100.92,33.0,"131 km al SUR de TECPAN, GRO",1985-12-19,02:49:02,revisado
1985-12-18,21:53:57,no calculable,13.73,-91.45,33.0,"129 km al SURESTE de CD HIDALGO, CHIS",1985-12-19,03:53:57,revisado
1985-12-18,22:08:01,no calculable,14.1,-93.13,33.0,"123 km al SUROESTE de CD HIDALGO, CHIS",1985-12-19,04:08:01,revisado
1985-12-18,23:14:11,no calculable,13.87,-93.08,33.0,"134 km al SUROESTE de CD HIDALGO, CHIS",1985-12-19,05:14:11,revisado
1985-12-18,23:40:27,no calculable,17.6,-101.88,33.0,"35 km al OESTE de ZIHUATANEJO, GRO",1985-12-19,05:40:27,revisado
1985-12-19,01:13:32,no calculable,15.01,-91.81,5.0,"38 km al ESTE de CACAHOATAN, CHIS",1985-12-19,07:13:32,revisado
1985-12-19,01:31:57,no calculable,15.24,-92.06,5.0,"24 km al SURESTE de MOTOZINTLA, CHIS",1985-12-19,07:31:57,revisado
1985-12-19,01:55:34,no calculable,15.19,-92.03,5.0,"27 km al NORESTE de CACAHOATAN, CHIS",1985-12-19,07:55:34,revisado
1985-12-19,02:03:57,no calculable,15.16,-91.97,5.0,"28 km al NORESTE de CACAHOATAN, CHIS",1985-12-19,08:03:57,revisado
1985-12-19,02:06:01,no calculable,15.16,-91.98,5.0,"27 km al NORESTE de CACAHOATAN, CHIS",1985-12-19,08:06:01,revisado
1985-12-19,02:56:38,no calculable,15.19,-92.16,5.0,"21 km al SURESTE de MOTOZINTLA, CHIS",1985-12-19,08:56:38,revisado
1985-12-19,03:34:00,no calculable,15.35,-92.14,1.0,"12 km al ESTE de MOTOZINTLA, CHIS",1985-12-19,09:34:00,revisado
1985-12-19,04:31:04,no calculable,18.06,-103.08,15.0,"79 km al OESTE de LA MIRA, MICH",1985-12-19,10:31:04,revisado
1985-12-19,06:53:17,no calculable,15.2,-92.14,5.0,"22 km al SURESTE de MOTOZINTLA, CHIS",1985-12-19,12:53:17,revisado
1985-12-19,07:14:06,no calculable,15.61,-95.31,16.0,"64 km al SUR de SALINA CRUZ, OAX",1985-12-19,13:14:06,revisado
1985-12-19,07:16:10,no calculable,15.06,-95.45,15.0,"107 km al SURESTE de CRUCECITA, OAX",1985-12-19,13:16:10,revisado
1985-12-19,10:30:33,no calculable,17.31,-101.4,16.0,"28 km al SUROESTE de PETATLAN, GRO",1985-12-19,16:30:33,revisado
1985-12-19,10:39:37,no calculable,18.18,-94.83,33.0,"26 km al NOROESTE de OTEAPAN, VER",1985-12-19,16:39:37,revisado
1985-12-19,13:02:08,no calculable,16.78,-94.5,70.0,"49 km al NORESTE de UNION HIDALGO, OAX",1985-12-19,19:02:08,revisado
1985-12-19,14:09:36,no calculable,15.13,-91.89,1.0,"33 km al NORESTE de CACAHOATAN, CHIS",1985-12-19,20:09:36,revisado
1985-12-19,17:31:06,no calculable,15.19,-92.09,5.0,"24 km al NORESTE de CACAHOATAN, CHIS",1985-12-19,23:31:06,revisado
1985-12-19,19:20:17,no calculable,17.37,-94.69,33.0,"63 km al SURESTE de SAYULA DE ALEMAN, VER",1985-12-20,01:20:17,revisado
1985-12-19,19:27:32,no calculable,15.14,-91.84,1.0,"39 km al NORESTE de CACAHOATAN, CHIS",1985-12-20,01:27:32,revisado
1985-12-20,04:47:13,no calculable,14.21,-92.21,33.0,"52 km al SUR de CD HIDALGO, CHIS",1985-12-20,10:47:13,revisado
1985-12-20,05:08:46,no calculable,16.89,-101.53,33.0,"77 km al SUROESTE de PETATLAN, GRO",1985-12-20,11:08:46,revisado
1985-12-20,07:41:26,no calculable,18.08,-103.13,33.0,"77 km al SUR de COALCOMAN, MICH",1985-12-20,13:41:26,revisado
1985-12-20,13:48:56,no calculable,18.0,-101.27,33.0,"49 km al NORESTE de ZIHUATANEJO, GRO",1985-12-20,19:48:56,revisado
1985-12-20,17:52:53,no calculable,17.41,-92.65,33.0,"36 km al SURESTE de TEAPA, TAB",1985-12-20,23:52:53,revisado
1985-12-20,18:33:44,no calculable,14.86,-92.04,16.0,"20 km al SURESTE de CACAHOATAN, CHIS",1985-12-21,00:33:44,revisado
1985-12-20,19:42:07,no calculable,14.23,-92.08,33.0,"50 km al SUR de CD HIDALGO, CHIS",1985-12-21,01:42:07,revisado
1985-12-20,23:46:59,no calculable,18.23,-103.39,33.0,"65 km al SUROESTE de COALCOMAN, MICH",1985-12-21,05:46:59,revisado
1985-12-21,01:17:34,no calculable,15.0,-91.95,1.0,"23 km al ESTE de CACAHOATAN, CHIS",1985-12-21,07:17:34,revisado
1985-12-21,08:03:49,no calculable,15.48,-94.66,16.0,"97 km al SURESTE de SALINA CRUZ, OAX",1985-12-21,14:03:49,revisado
1985-12-21,10:42:32,no calculable,17.36,-101.24,33.0,"20 km al SUR de PETATLAN, GRO",1985-12-21,16:42:32,revisado
1985-12-21,10:47:57,no calculable,15.85,-96.1,33.0,"10 km al NORESTE de CRUCECITA, OAX",1985-12-21,16:47:57,revisado
1985-12-21,12:27:21,no calculable,17.28,-101.88,16.0,"53 km al SUROESTE de ZIHUATANEJO, GRO",1985-12-21,18:27:21,revisado
1985-12-21,15:53:26,no calculable,17.35,-101.62,9.0,"33 km al SUR de ZIHUATANEJO, GRO",1985-12-21,21:53:26,revisado
1985-12-21,16:27:54,no calculable,17.08,-101.63,15.0,"63 km al SUR de ZIHUATANEJO, GRO",1985-12-21,22:27:54,revisado
1985-12-21,16:56:53,no calculable,13.8,-93.07,33.0,"139 km al SUROESTE de CD HIDALGO, CHIS",1985-12-21,22:56:53,revisado
1985-12-21,18:24:04,no calculable,16.78,-98.42,8.0,"11 km al NORTE de OMETEPEC, GRO",1985-12-22,00:24:04,revisado
1985-12-21,18:41:42,no calculable,17.64,-94.77,33.0,"33 km al SURESTE de SAYULA DE ALEMAN, VER",1985-12-22,00:41:42,revisado
1985-12-21,21:49:02,no calculable,31.85,-115.76,8.0,"78 km al ESTE de RODOLFO SANCHEZ T(MRO), BC",1985-12-22,03:49:02,revisado
1985-12-21,23:33:06,no calculable,19.86,-99.01,4.0,"4 km al NOROESTE de TIZAYUCA, HGO",1985-12-22,05:33:06,revisado
1985-12-21,23:40:01,no calculable,17.29,-91.0,33.0,"49 km al SURESTE de TENOSIQUE, TAB",1985-12-22,05:40:01,revisado
1985-12-22,01:06:10,no calculable,31.86,-115.76,8.0,"78 km al SUROESTE de GPE VICTORIA(KM.43), BC",1985-12-22,07:06:10,revisado
1985-12-22,02:20:35,no calculable,18.17,-103.27,33.0,"68 km al SUR de COALCOMAN, MICH",1985-12-22,08:20:35,revisado
1985-12-22,03:52:28,no calculable,15.14,-91.92,5.0,"31 km al NORESTE de CACAHOATAN, CHIS",1985-12-22,09:52:28,revisado
1985-12-22,04:09:19,no calculable,15.18,-92.18,5.0,"21 km al NORTE de CACAHOATAN, CHIS",1985-12-22,10:09:19,revisado
1985-12-22,04:51:37,no calculable,14.85,-92.21,5.0,"8 km al SURESTE de TAPACHULA, CHIS",1985-12-22,10:51:37,revisado
1985-12-22,06:33:55,no calculable,13.77,-92.86,33.0,"126 km al SUROESTE de CD HIDALGO, CHIS",1985-12-22,12:33:55,revisado
1985-12-22,09:16:10,no calculable,19.26,-101.69,5.0,"6 km al NORESTE de ARIO DE ROSALES, MICH",1985-12-22,15:16:10,revisado
1985-12-22,11:02:32,no calculable,17.37,-101.0,16.0,"34 km al SURESTE de PETATLAN, GRO",1985-12-22,17:02:32,revisado
1985-12-22,11:16:58,no calculable,16.02,-93.88,33.0,"15 km al SUROESTE de TONALA, CHIS",1985-12-22,17:16:58,revisado
1985-12-22,11:53:37,no calculable,18.04,-96.25,33.0,"14 km al SUROESTE de TUXTEPEC, OAX",1985-12-22,17:53:37,revisado
1985-12-22,12:43:42,no calculable,16.97,-101.21,33.0,"63 km al SUR de PETATLAN, GRO",1985-12-22,18:43:42,revisado
1985-12-22,14:49:56,no calculable,15.01,-92.08,5.0,"9 km al ESTE de CACAHOATAN, CHIS",1985-12-22,20:49:56,revisado
1985-12-22,16:02:23,no calculable,32.03,-116.25,8.0,"39 km al NORESTE de ENSENADA, BC",1985-12-22,22:02:23,revisado
1985-12-22,18:27:17,no calculable,17.34,-101.69,16.0,"37 km al SUROESTE de ZIHUATANEJO, GRO",1985-12-23,00:27:17,revisado
1985-12-22,18:51:30,no calculable,17.14,-101.96,33.0,"71 km al SUROESTE de ZIHUATANEJO, GRO",1985-12-23,00:51:30,revisado
1985-12-23,05:30:42,no calculable,17.59,-101.83,33.0,"30 km al OESTE de ZIHUATANEJO, GRO",1985-12-23,11:30:42,revisado
1985-12-23,05:42:14,no calculable,15.09,-91.96,5.0,"25 km al NORESTE de CACAHOATAN, CHIS",1985-12-23,11:42:14,revisado
1985-12-23,06:11:10,no calculable,17.73,-102.32,16.0,"28 km al SUROESTE de CD LAZARO CARDENAS, MICH",1985-12-23,12:11:10,revisado
1985-12-23,09:06:45,no calculable,17.83,-101.72,33.0,"27 km al NOROESTE de ZIHUATANEJO, GRO",1985-12-23,15:06:45,revisado
1985-12-23,09:07:07,2.3,32.07,-116.24,8.0,"42 km al NORESTE de ENSENADA, BC",1985-12-23,15:07:07,revisado
1985-12-23,11:15:00,no calculable,14.68,-92.78,33.0,"61 km al SUROESTE de HUIXTLA, CHIS",1985-12-23,17:15:00,revisado
1985-12-23,11:20:15,no calculable,19.03,-102.34,33.0,"7 km al SUR de APATZINGAN, MICH",1985-12-23,17:20:15,revisado
1985-12-23,12:14:33,no calculable,17.22,-102.05,33.0,"71 km al SUROESTE de ZIHUATANEJO, GRO",1985-12-23,18:14:33,revisado
1985-12-24,02:03:19,no calculable,15.57,-93.53,33.0,"37 km al SUROESTE de PIJIJIAPAN, CHIS",1985-12-24,08:03:19,revisado
1985-12-24,02:22:43,no calculable,16.93,-92.99,15.0,"24 km al NORESTE de TUXTLA GUTIERREZ, CHIS",1985-12-24,08:22:43,revisado
1985-12-24,04:12:05,no calculable,18.12,-104.53,33.0,"105 km al SUR de MANZANILLO, COL",1985-12-24,10:12:05,revisado
1985-12-24,05:26:45,no calculable,13.25,-89.0,33.0,"375 km al SURESTE de CD HIDALGO, CHIS",1985-12-24,11:26:45,revisado
1985-12-24,07:41:50,no calculable,14.02,-93.24,33.0,"138 km al SUROESTE de CD HIDALGO, CHIS",1985-12-24,13:41:50,revisado
1985-12-24,08:10:49,no calculable,14.25,-93.22,16.0,"124 km al SUROESTE de CD HIDALGO, CHIS",1985-12-24,14:10:49,revisado
1985-12-24,09:55:44,no calculable,17.11,-94.56,124.0,"58 km al NORESTE de MATIAS ROMERO, OAX",1985-12-24,15:55:44,revisado
1985-12-24,10:20:15,no calculable,17.46,-102.25,33.0,"55 km al SUR de CD LAZARO CARDENAS, MICH",1985-12-24,16:20:15,revisado
1985-12-24,13:28:20,no calculable,17.53,-101.35,9.0,"8 km al OESTE de PETATLAN, GRO",1985-12-24,19:28:20,revisado
1985-12-25,03:17:34,no calculable,15.63,-94.0,33.0,"57 km al SUROESTE de TONALA, CHIS",1985-12-25,09:17:34,revisado
1985-12-25,07:04:16,no calculable,18.15,-103.79,33.0,"84 km al SUR de TECOMAN, COL",1985-12-25,13:04:16,revisado
1985-12-25,21:12:21,no calculable,14.22,-92.51,33.0,"64 km al SUROESTE de CD HIDALGO, CHIS",1985-12-26,03:12:21,revisado
1985-12-25,21:14:45,no calculable,16.95,-94.65,70.0,"43 km al ESTE de MATIAS ROMERO, OAX",1985-12-26,03:14:45,revisado
1985-12-26,11:36:44,no calculable,18.19,-93.52,33.0,"26 km al NOROESTE de CARDENAS, TAB",1985-12-26,17:36:44,revisado
1985-12-26,18:48:30,no calculable,18.05,-103.51,33.0,"88 km al SUROESTE de COALCOMAN, MICH",1985-12-27,00:48:30,revisado
1985-12-26,20:15:00,no calculable,19.77,-100.2,33.0,"26 km al SUROESTE de TEMASCALCINGO, MEX",1985-12-27,02:15:00,revisado
1985-12-27,00:22:52,no calculable,17.14,-101.65,33.0,"57 km al SUR de ZIHUATANEJO, GRO",1985-12-27,06:22:52,revisado
1985-12-27,07:32:39,no calculable,18.18,-103.17,33.0,"66 km al SUR de COALCOMAN, MICH",1985-12-27,13:32:39,revisado
1985-12-27,11:43:37,no calculable,15.92,-95.66,33.0,"54 km al NORESTE de CRUCECITA, OAX",1985-12-27,17:43:37,revisado
1985-12-27,11:59:30,no calculable,16.92,-101.65,33.0,"79 km al SUROESTE de PETATLAN, GRO",1985-12-27,17:59:30,revisado
1985-12-27,12:13:20,no calculable,15.75,-94.12,15.0,"54 km al SUROESTE de TONALA, CHIS",1985-12-27,18:13:20,revisado
1985-12-27,13:51:37,2.6,31.82,-116.11,8.0,"45 km al ESTE de RODOLFO SANCHEZ T(MRO), BC",1985-12-27,19:51:37,revisado
1985-12-27,18:17:13,no calculable,18.74,-100.39,16.0,"31 km al SUROESTE de TEJUPILCO, MEX",1985-12-28,00:17:13,revisado
1985-12-27,18:23:09,no calculable,15.52,-94.7,33.0,"90 km al SURESTE de SALINA CRUZ, OAX",1985-12-28,00:23:09,revisado
1985-12-28,00:57:21,no calculable,16.04,-94.28,33.0,"46 km al SUROESTE de ARRIAGA , CHIS",1985-12-28,06:57:21,revisado
1985-12-28,01:50:34,no calculable,18.6,-101.66,16.0,"66 km al SURESTE de NUEVA ITALIA, MICH",1985-12-28,07:50:34,revisado
1985-12-28,06:26:13,no calculable,18.06,-102.99,16.0,"70 km al OESTE de LA MIRA, MICH",1985-12-28,12:26:13,revisado
1985-12-28,22:07:45,no calculable,17.93,-103.01,5.0,"73 km al OESTE de LA MIRA, MICH",1985-12-29,04:07:45,revisado
1985-12-29,01:20:49,no calculable,17.94,-102.86,5.0,"57 km al OESTE de LA MIRA, MICH",1985-12-29,07:20:49,revisado
1985-12-29,10:55:06,no calculable,15.09,-91.55,33.0,"67 km al ESTE de CACAHOATAN, CHIS",1985-12-29,16:55:06,revisado
1985-12-29,11:59:59,no calculable,15.28,-92.99,33.0,"21 km al SUROESTE de MAPASTEPEC, CHIS",1985-12-29,17:59:59,revisado
1985-12-29,15:36:13,no calculable,17.98,-101.92,33.0,"31 km al ESTE de CD LAZARO CARDENAS, MICH",1985-12-29,21:36:13,revisado
1985-12-29,22:57:35,no calculable,17.79,-101.98,33.0,"30 km al SURESTE de CD LAZARO CARDENAS, MICH",1985-12-30,04:57:35,revisado
1985-12-30,02:46:52,no calculable,17.82,-102.0,33.0,"27 km al SURESTE de CD LAZARO CARDENAS, MICH",1985-12-30,08:46:52,revisado
1985-12-30,11:36:03,no calculable,17.38,-99.17,33.0,"24 km al SUR de CHILAPA DE ALVAREZ, GRO",1985-12-30,17:36:03,revisado
1985-12-30,12:38:12,no calculable,16.79,-93.77,9.0,"12 km al NOROESTE de CINTALAPA, CHIS",1985-12-30,18:38:12,revisado
1985-12-30,13:01:35,no calculable,15.96,-97.45,15.0,"6 km al SUROESTE de RIO GRANDE, OAX",1985-12-30,19:01:35,revisado
1985-12-30,14:48:32,no calculable,15.89,-94.11,5.0,"44 km al SUROESTE de TONALA, CHIS",1985-12-30,20:48:32,revisado
1985-12-30,16:04:15,no calculable,15.7,-93.88,33.0,"45 km al SUROESTE de TONALA, CHIS",1985-12-30,22:04:15,revisado
1985-12-30,22:06:55,no calculable,15.06,-92.04,15.0,"16 km al NORESTE de CACAHOATAN, CHIS",1985-12-31,04:06:55,revisado
1985-12-30,23:36:30,no calculable,16.65,-95.59,33.0,"52 km al NOROESTE de TEHUANTEPEC, OAX",1985-12-31,05:36:30,revisado
1985-12-31,02:03:03,no calculable,15.27,-93.19,33.0,"37 km al SUROESTE de MAPASTEPEC, CHIS",1985-12-31,08:03:03,revisado
1985-12-31,06:14:12,no calculable,17.09,-101.79,16.0,"66 km al SUROESTE de ZIHUATANEJO, GRO",1985-12-31,12:14:12,revisado
1985-12-31,17:11:30,no calculable,18.11,-93.72,33.0,"38 km al NOROESTE de CARDENAS, TAB",1985-12-31,23:11:30,revisado
1985-12-31,21:51:24,no calculable,16.7,-98.02,9.0,"40 km al NORTE de PINOTEPA NACIONAL, OAX",1986-01-01,03:51:24,revisado
1985-12-31,22:57:01,no calculable,15.89,-93.49,33.0,"36 km al SURESTE de TONALA, CHIS",1986-01-01,04:57:01,revisado
"Fecha y hora local en tiempo del centro de Mexico. Coordenadas geograficas (latitud y longitud) del epicentro en grados decimales. Profundidad en kilometros."
"La localizacion es solo una referencia a una localidad importante en cuanto a numero de habitantes y cercana al epicentro."
"Los registros con estatus verificado son los calculados y publicados de manera oportuna por al menos un analista de sismogramas."
"Los registros obtienen estatus revisado cuando se realiza un analisis, de ser posible, con mas y mejores datos para el calculo de parametros y cuyo tiempo de publicacion es variable."
"Esta informacion puede ser reproducida con fines no lucrativos siempre y cuando se mencione como fuente al Servicio Sismologico Nacional. De otra forma, requiere permiso previo por escrito de la institucion."
"Consulta nuestro Aviso Legal y Terminos de Uso en: www.ssn.unam.mx/aviso-legal"
"www.ssn.unam.mx | contacto@sismologico.unam.mx | 5622 2222 ext. 38706 (reportes de sismicidad), 38700 y 38701 (area administrativa)."